# This file uses centimeters as units for non-parametric coordinates.

mtllib ajou_frontdoor.mtl
g default
v 9.686185 5.260468 -15.491824
v 10.686185 5.260468 -15.491824
v 9.686185 5.960468 -15.491824
v 10.686185 5.960468 -15.491824
v 9.686185 5.960468 -16.104324
v 10.686185 5.960468 -16.104324
v 9.686185 5.960468 -16.716824
v 10.686185 5.960468 -16.716824
v 9.686185 5.960468 -17.329324
v 10.686185 5.960468 -17.329324
v 9.686185 5.960468 -17.941824
v 10.686185 5.960468 -17.941824
v 9.686185 5.260468 -17.941824
v 10.686185 5.260468 -17.941824
v 9.686185 5.260468 -17.329324
v 10.686185 5.260468 -17.329324
v 9.686185 5.260468 -16.716824
v 10.686185 5.260468 -16.716824
v 9.686185 5.260468 -16.104324
v 10.686185 5.260468 -16.104324
v 9.686185 6.660468 -15.491824
v 10.686185 6.660468 -15.491824
v 10.686185 6.660468 -16.104324
v 9.686185 6.660468 -16.104324
v 10.686185 6.660468 -16.716824
v 9.686185 6.660468 -16.716824
v 10.686185 6.660468 -17.329324
v 9.686185 6.660468 -17.329324
v 10.686185 6.660468 -17.941824
v 9.686185 6.660468 -17.941824
v 9.686185 6.960468 -15.491824
v 10.686185 6.960468 -15.491824
v 10.686185 6.960468 -16.104324
v 9.686185 6.960468 -16.104324
v 10.686185 6.960468 -16.716824
v 9.686185 6.960468 -16.716824
v 10.686185 6.960468 -17.329324
v 9.686185 6.960468 -17.329324
v 10.686185 6.960468 -17.941824
v 9.686185 6.960468 -17.941824
vt 0.375000 0.000000
vt 0.625000 0.000000
vt 0.375000 0.250000
vt 0.625000 0.250000
vt 0.375000 0.312500
vt 0.625000 0.312500
vt 0.375000 0.375000
vt 0.625000 0.375000
vt 0.375000 0.437500
vt 0.625000 0.437500
vt 0.375000 0.500000
vt 0.625000 0.500000
vt 0.375000 0.750000
vt 0.625000 0.750000
vt 0.375000 0.812500
vt 0.625000 0.812500
vt 0.375000 0.875000
vt 0.625000 0.875000
vt 0.375000 0.937500
vt 0.625000 0.937500
vt 0.375000 1.000000
vt 0.625000 1.000000
vt 0.875000 0.000000
vt 0.812500 0.000000
vt 0.750000 0.000000
vt 0.687500 0.000000
vt 0.875000 0.250000
vt 0.812500 0.250000
vt 0.750000 0.250000
vt 0.687500 0.250000
vt 0.125000 0.000000
vt 0.187500 0.000000
vt 0.250000 0.000000
vt 0.312500 0.000000
vt 0.125000 0.250000
vt 0.187500 0.250000
vt 0.250000 0.250000
vt 0.312500 0.250000
vt 0.375000 0.250000
vt 0.625000 0.250000
vt 0.625000 0.312500
vt 0.375000 0.312500
vt 0.625000 0.375000
vt 0.375000 0.375000
vt 0.625000 0.437500
vt 0.375000 0.437500
vt 0.625000 0.500000
vt 0.375000 0.500000
vt 0.375000 0.250000
vt 0.625000 0.250000
vt 0.625000 0.312500
vt 0.375000 0.312500
vt 0.625000 0.375000
vt 0.375000 0.375000
vt 0.625000 0.437500
vt 0.375000 0.437500
vt 0.625000 0.500000
vt 0.375000 0.500000
vn 0.000000 0.000000 1.000000
vn 0.000000 0.000000 1.000000
vn 0.000000 0.000000 1.000000
vn 0.000000 0.000000 1.000000
vn 0.000000 1.000000 0.000000
vn 0.000000 1.000000 0.000000
vn 0.000000 1.000000 0.000000
vn 0.000000 1.000000 0.000000
vn 0.000000 1.000000 0.000000
vn 0.000000 1.000000 0.000000
vn 0.000000 1.000000 0.000000
vn 0.000000 1.000000 0.000000
vn 0.000000 1.000000 0.000000
vn 0.000000 1.000000 0.000000
vn 0.000000 0.000000 -1.000000
vn 0.000000 0.000000 -1.000000
vn 0.000000 0.000000 -1.000000
vn 0.000000 0.000000 -1.000000
vn 0.000000 -1.000000 0.000000
vn 0.000000 -1.000000 0.000000
vn 0.000000 -1.000000 0.000000
vn 0.000000 -1.000000 0.000000
vn 0.000000 -1.000000 0.000000
vn 0.000000 -1.000000 0.000000
vn 0.000000 -1.000000 0.000000
vn 0.000000 -1.000000 0.000000
vn 0.000000 -1.000000 0.000000
vn 0.000000 -1.000000 0.000000
vn 1.000000 0.000000 0.000000
vn 1.000000 0.000000 0.000000
vn 1.000000 0.000000 0.000000
vn 1.000000 0.000000 0.000000
vn 1.000000 0.000000 0.000000
vn 1.000000 0.000000 0.000000
vn 1.000000 0.000000 0.000000
vn 1.000000 0.000000 0.000000
vn 1.000000 0.000000 0.000000
vn 1.000000 0.000000 0.000000
vn -1.000000 0.000000 0.000000
vn -1.000000 0.000000 0.000000
vn -1.000000 0.000000 0.000000
vn -1.000000 0.000000 0.000000
vn -1.000000 0.000000 0.000000
vn -1.000000 0.000000 0.000000
vn -1.000000 0.000000 0.000000
vn -1.000000 0.000000 0.000000
vn -1.000000 0.000000 0.000000
vn -1.000000 0.000000 0.000000
vn 0.000000 0.000000 1.000000
vn 0.000000 0.000000 1.000000
vn 1.000000 0.000000 0.000000
vn 1.000000 0.000000 0.000000
vn -1.000000 0.000000 0.000000
vn -1.000000 0.000000 0.000000
vn 1.000000 0.000000 0.000000
vn -1.000000 0.000000 0.000000
vn 1.000000 0.000000 0.000000
vn -1.000000 0.000000 0.000000
vn 1.000000 0.000000 0.000000
vn 0.000000 0.000000 -1.000000
vn 0.000000 0.000000 -1.000000
vn -1.000000 0.000000 0.000000
vn 0.000000 0.000000 1.000000
vn 0.000000 0.000000 1.000000
vn 1.000000 0.000000 0.000000
vn 1.000000 0.000000 0.000000
vn -1.000000 0.000000 0.000000
vn -1.000000 0.000000 0.000000
vn 1.000000 0.000000 0.000000
vn -1.000000 0.000000 0.000000
vn 1.000000 0.000000 0.000000
vn -1.000000 0.000000 0.000000
vn 1.000000 0.000000 0.000000
vn 0.000000 0.000000 -1.000000
vn 0.000000 0.000000 -1.000000
vn -1.000000 0.000000 0.000000
s 1
g pCube6
usemtl initialShadingGroup
f 1/1/1 2/2/2 4/4/3 3/3/4
s 2
f 31/49/5 32/50/6 33/51/7 34/52/8
f 34/52/8 33/51/7 35/53/9 36/54/10
f 36/54/10 35/53/9 37/55/11 38/56/12
f 38/56/12 37/55/11 39/57/13 40/58/14
s 3
f 11/11/15 12/12/16 14/14/17 13/13/18
s 4
f 13/13/19 14/14/20 16/16/21 15/15/22
f 15/15/22 16/16/21 18/18/23 17/17/24
f 17/17/24 18/18/23 20/20/25 19/19/26
f 19/19/26 20/20/25 2/22/27 1/21/28
s 5
f 16/24/29 14/23/30 12/27/31 10/28/32
f 18/25/33 16/24/29 10/28/32 8/29/34
f 20/26/35 18/25/33 8/29/34 6/30/36
f 2/2/37 20/26/35 6/30/36 4/4/38
s 6
f 13/31/39 15/32/40 9/36/41 11/35/42
f 15/32/40 17/33/43 7/37/44 9/36/41
f 17/33/43 19/34/45 5/38/46 7/37/44
f 19/34/45 1/1/47 3/3/48 5/38/46
s 1
f 3/3/4 4/4/3 22/40/49 21/39/50
s 5
f 4/4/38 6/6/36 23/41/51 22/40/52
s 6
f 5/5/46 3/3/48 21/39/53 24/42/54
s 5
f 6/6/36 8/8/34 25/43/55 23/41/51
s 6
f 7/7/44 5/5/46 24/42/54 26/44/56
s 5
f 8/8/34 10/10/32 27/45/57 25/43/55
s 6
f 9/9/41 7/7/44 26/44/56 28/46/58
s 5
f 10/10/32 12/12/31 29/47/59 27/45/57
s 3
f 12/12/16 11/11/15 30/48/60 29/47/61
s 6
f 11/11/42 9/9/41 28/46/58 30/48/62
s 1
f 21/39/50 22/40/49 32/50/63 31/49/64
s 5
f 22/40/52 23/41/51 33/51/65 32/50/66
s 6
f 24/42/54 21/39/53 31/49/67 34/52/68
s 5
f 23/41/51 25/43/55 35/53/69 33/51/65
s 6
f 26/44/56 24/42/54 34/52/68 36/54/70
s 5
f 25/43/55 27/45/57 37/55/71 35/53/69
s 6
f 28/46/58 26/44/56 36/54/70 38/56/72
s 5
f 27/45/57 29/47/59 39/57/73 37/55/71
s 3
f 29/47/61 30/48/60 40/58/74 39/57/75
s 6
f 30/48/62 28/46/58 38/56/72 40/58/76
g default
v -8.600001 5.244053 -10.374034
v -7.900001 5.244053 -10.374034
v -7.200001 5.244053 -10.374034
v -6.500001 5.244053 -10.374034
v -5.800000 5.244053 -10.374034
v -5.100000 5.244053 -10.374034
v -4.400001 5.244053 -10.374034
v -3.700001 5.244053 -10.374034
v -3.000001 5.244053 -10.374034
v -2.300000 5.244053 -10.374034
v -1.600000 5.244053 -10.374034
v -0.900000 5.244053 -10.374034
v -0.200000 5.244053 -10.374034
v 0.499999 5.244053 -10.374034
v -8.600001 5.944053 -10.374034
v -7.900001 5.944053 -10.374034
v -7.200001 5.944053 -10.374034
v -6.500001 5.944053 -10.374034
v -5.800000 5.944053 -10.374034
v -5.100000 5.944053 -10.374034
v -4.400001 5.944053 -10.374034
v -3.700001 5.944053 -10.374034
v -3.000001 5.944053 -10.374034
v -2.300000 5.944053 -10.374034
v -1.600000 5.944053 -10.374034
v -0.900000 5.944053 -10.374034
v -0.200000 5.944053 -10.374034
v 0.499999 5.944053 -10.374034
v -8.600001 5.944053 -11.374034
v -7.900001 5.944053 -11.374034
v -7.200001 5.944053 -11.374034
v -6.500001 5.944053 -11.374034
v -5.800000 5.944053 -11.374034
v -5.100000 5.944053 -11.374034
v -4.400001 5.944053 -11.374034
v -3.700001 5.944053 -11.374034
v -3.000001 5.944053 -11.374034
v -2.300000 5.944053 -11.374034
v -1.600000 5.944053 -11.374034
v -0.900000 5.944053 -11.374034
v -0.200000 5.944053 -11.374034
v 0.499999 5.944053 -11.374034
v -8.600001 5.244053 -11.374034
v -7.900001 5.244053 -11.374034
v -7.200001 5.244053 -11.374034
v -6.500001 5.244053 -11.374034
v -5.800000 5.244053 -11.374034
v -5.100000 5.244053 -11.374034
v -4.400001 5.244053 -11.374034
v -3.700001 5.244053 -11.374034
v -3.000001 5.244053 -11.374034
v -2.300000 5.244053 -11.374034
v -1.600000 5.244053 -11.374034
v -0.900000 5.244053 -11.374034
v -0.200000 5.244053 -11.374034
v 0.499999 5.244053 -11.374034
v -8.600001 6.644053 -10.374034
v -7.900001 6.644053 -10.374034
v -7.900001 6.644053 -11.374034
v -8.600001 6.644053 -11.374034
v -7.200001 6.644053 -10.374034
v -7.200001 6.644053 -11.374034
v -6.500001 6.644053 -10.374034
v -6.500001 6.644053 -11.374034
v -5.800000 6.644053 -10.374034
v -5.800000 6.644053 -11.374034
v -5.100000 6.644053 -10.374034
v -5.100000 6.644053 -11.374034
v -4.400001 6.644053 -10.374034
v -4.400001 6.644053 -11.374034
v -3.700001 6.644053 -10.374034
v -3.700001 6.644053 -11.374034
v -3.000001 6.644053 -10.374034
v -3.000001 6.644053 -11.374034
v -2.300000 6.644053 -10.374034
v -2.300000 6.644053 -11.374034
v -1.600000 6.644053 -10.374034
v -1.600000 6.644053 -11.374034
v -0.900000 6.644053 -10.374034
v -0.900000 6.644053 -11.374034
v -0.200000 6.644053 -10.374034
v -0.200000 6.644053 -11.374034
v 0.499999 6.644053 -10.374034
v 0.499999 6.644053 -11.374034
v -8.600001 6.944054 -10.374034
v -7.900001 6.944054 -10.374034
v -7.900001 6.944054 -11.374034
v -8.600001 6.944054 -11.374034
v -7.200001 6.944054 -10.374034
v -7.200001 6.944054 -11.374034
v -6.500001 6.944054 -10.374034
v -6.500001 6.944054 -11.374034
v -5.800000 6.944054 -10.374034
v -5.800000 6.944054 -11.374034
v -5.100000 6.944054 -10.374034
v -5.100000 6.944054 -11.374034
v -4.400001 6.944054 -10.374034
v -4.400001 6.944054 -11.374034
v -3.700001 6.944054 -10.374034
v -3.700001 6.944054 -11.374034
v -3.000001 6.944054 -10.374034
v -3.000001 6.944054 -11.374034
v -2.300000 6.944054 -10.374034
v -2.300000 6.944054 -11.374034
v -1.600000 6.944054 -10.374034
v -1.600000 6.944054 -11.374034
v -0.900000 6.944054 -10.374034
v -0.900000 6.944054 -11.374034
v -0.200000 6.944054 -10.374034
v -0.200000 6.944054 -11.374034
v 0.499999 6.944054 -10.374034
v 0.499999 6.944054 -11.374034
vt 0.375000 0.000000
vt 0.394231 0.000000
vt 0.413462 0.000000
vt 0.432692 0.000000
vt 0.451923 0.000000
vt 0.471154 0.000000
vt 0.490385 0.000000
vt 0.509615 0.000000
vt 0.528846 0.000000
vt 0.548077 0.000000
vt 0.567308 0.000000
vt 0.586539 0.000000
vt 0.605769 0.000000
vt 0.625000 0.000000
vt 0.375000 0.250000
vt 0.394231 0.250000
vt 0.413462 0.250000
vt 0.432692 0.250000
vt 0.451923 0.250000
vt 0.471154 0.250000
vt 0.490385 0.250000
vt 0.509615 0.250000
vt 0.528846 0.250000
vt 0.548077 0.250000
vt 0.567308 0.250000
vt 0.586539 0.250000
vt 0.605769 0.250000
vt 0.625000 0.250000
vt 0.375000 0.500000
vt 0.394231 0.500000
vt 0.413462 0.500000
vt 0.432692 0.500000
vt 0.451923 0.500000
vt 0.471154 0.500000
vt 0.490385 0.500000
vt 0.509615 0.500000
vt 0.528846 0.500000
vt 0.548077 0.500000
vt 0.567308 0.500000
vt 0.586539 0.500000
vt 0.605769 0.500000
vt 0.625000 0.500000
vt 0.375000 0.750000
vt 0.394231 0.750000
vt 0.413462 0.750000
vt 0.432692 0.750000
vt 0.451923 0.750000
vt 0.471154 0.750000
vt 0.490385 0.750000
vt 0.509615 0.750000
vt 0.528846 0.750000
vt 0.548077 0.750000
vt 0.567308 0.750000
vt 0.586539 0.750000
vt 0.605769 0.750000
vt 0.625000 0.750000
vt 0.375000 1.000000
vt 0.394231 1.000000
vt 0.413462 1.000000
vt 0.432692 1.000000
vt 0.451923 1.000000
vt 0.471154 1.000000
vt 0.490385 1.000000
vt 0.509615 1.000000
vt 0.528846 1.000000
vt 0.548077 1.000000
vt 0.567308 1.000000
vt 0.586539 1.000000
vt 0.605769 1.000000
vt 0.625000 1.000000
vt 0.875000 0.000000
vt 0.875000 0.250000
vt 0.125000 0.000000
vt 0.125000 0.250000
vt 0.375000 0.250000
vt 0.394231 0.250000
vt 0.394231 0.500000
vt 0.375000 0.500000
vt 0.413462 0.250000
vt 0.413462 0.500000
vt 0.432692 0.250000
vt 0.432692 0.500000
vt 0.451923 0.250000
vt 0.451923 0.500000
vt 0.471154 0.250000
vt 0.471154 0.500000
vt 0.490385 0.250000
vt 0.490385 0.500000
vt 0.509615 0.250000
vt 0.509615 0.500000
vt 0.528846 0.250000
vt 0.528846 0.500000
vt 0.548077 0.250000
vt 0.548077 0.500000
vt 0.567308 0.250000
vt 0.567308 0.500000
vt 0.586539 0.250000
vt 0.586539 0.500000
vt 0.605769 0.250000
vt 0.605769 0.500000
vt 0.625000 0.250000
vt 0.625000 0.500000
vt 0.375000 0.250000
vt 0.394231 0.250000
vt 0.394231 0.500000
vt 0.375000 0.500000
vt 0.413462 0.250000
vt 0.413462 0.500000
vt 0.432692 0.250000
vt 0.432692 0.500000
vt 0.451923 0.250000
vt 0.451923 0.500000
vt 0.471154 0.250000
vt 0.471154 0.500000
vt 0.490385 0.250000
vt 0.490385 0.500000
vt 0.509615 0.250000
vt 0.509615 0.500000
vt 0.528846 0.250000
vt 0.528846 0.500000
vt 0.548077 0.250000
vt 0.548077 0.500000
vt 0.567308 0.250000
vt 0.567308 0.500000
vt 0.586539 0.250000
vt 0.586539 0.500000
vt 0.605769 0.250000
vt 0.605769 0.500000
vt 0.625000 0.250000
vt 0.625000 0.500000
vn 0.000000 0.000000 1.000000
vn 0.000000 0.000000 1.000000
vn 0.000000 0.000000 1.000000
vn 0.000000 0.000000 1.000000
vn 0.000000 0.000000 1.000000
vn 0.000000 0.000000 1.000000
vn 0.000000 0.000000 1.000000
vn 0.000000 0.000000 1.000000
vn 0.000000 0.000000 1.000000
vn 0.000000 0.000000 1.000000
vn 0.000000 0.000000 1.000000
vn 0.000000 0.000000 1.000000
vn 0.000000 0.000000 1.000000
vn 0.000000 0.000000 1.000000
vn 0.000000 0.000000 1.000000
vn 0.000000 0.000000 1.000000
vn 0.000000 0.000000 1.000000
vn 0.000000 0.000000 1.000000
vn 0.000000 0.000000 1.000000
vn 0.000000 0.000000 1.000000
vn 0.000000 0.000000 1.000000
vn 0.000000 0.000000 1.000000
vn 0.000000 0.000000 1.000000
vn 0.000000 0.000000 1.000000
vn 0.000000 0.000000 1.000000
vn 0.000000 0.000000 1.000000
vn 0.000000 0.000000 1.000000
vn 0.000000 0.000000 1.000000
vn 0.000000 1.000000 0.000000
vn 0.000000 1.000000 0.000000
vn 0.000000 1.000000 0.000000
vn 0.000000 1.000000 0.000000
vn 0.000000 1.000000 0.000000
vn 0.000000 1.000000 0.000000
vn 0.000000 1.000000 0.000000
vn 0.000000 1.000000 0.000000
vn 0.000000 1.000000 0.000000
vn 0.000000 1.000000 0.000000
vn 0.000000 1.000000 0.000000
vn 0.000000 1.000000 0.000000
vn 0.000000 1.000000 0.000000
vn 0.000000 1.000000 0.000000
vn 0.000000 1.000000 0.000000
vn 0.000000 1.000000 0.000000
vn 0.000000 1.000000 0.000000
vn 0.000000 1.000000 0.000000
vn 0.000000 1.000000 0.000000
vn 0.000000 1.000000 0.000000
vn 0.000000 1.000000 0.000000
vn 0.000000 1.000000 0.000000
vn 0.000000 1.000000 0.000000
vn 0.000000 1.000000 0.000000
vn 0.000000 1.000000 0.000000
vn 0.000000 1.000000 0.000000
vn 0.000000 1.000000 0.000000
vn 0.000000 1.000000 0.000000
vn 0.000000 0.000000 -1.000000
vn 0.000000 0.000000 -1.000000
vn 0.000000 0.000000 -1.000000
vn 0.000000 0.000000 -1.000000
vn 0.000000 0.000000 -1.000000
vn 0.000000 0.000000 -1.000000
vn 0.000000 0.000000 -1.000000
vn 0.000000 0.000000 -1.000000
vn 0.000000 0.000000 -1.000000
vn 0.000000 0.000000 -1.000000
vn 0.000000 0.000000 -1.000000
vn 0.000000 0.000000 -1.000000
vn 0.000000 0.000000 -1.000000
vn 0.000000 0.000000 -1.000000
vn 0.000000 0.000000 -1.000000
vn 0.000000 0.000000 -1.000000
vn 0.000000 0.000000 -1.000000
vn 0.000000 0.000000 -1.000000
vn 0.000000 0.000000 -1.000000
vn 0.000000 0.000000 -1.000000
vn 0.000000 0.000000 -1.000000
vn 0.000000 0.000000 -1.000000
vn 0.000000 0.000000 -1.000000
vn 0.000000 0.000000 -1.000000
vn 0.000000 0.000000 -1.000000
vn 0.000000 0.000000 -1.000000
vn 0.000000 0.000000 -1.000000
vn 0.000000 0.000000 -1.000000
vn 0.000000 -1.000000 0.000000
vn 0.000000 -1.000000 0.000000
vn 0.000000 -1.000000 0.000000
vn 0.000000 -1.000000 0.000000
vn 0.000000 -1.000000 0.000000
vn 0.000000 -1.000000 0.000000
vn 0.000000 -1.000000 0.000000
vn 0.000000 -1.000000 0.000000
vn 0.000000 -1.000000 0.000000
vn 0.000000 -1.000000 0.000000
vn 0.000000 -1.000000 0.000000
vn 0.000000 -1.000000 0.000000
vn 0.000000 -1.000000 0.000000
vn 0.000000 -1.000000 0.000000
vn 0.000000 -1.000000 0.000000
vn 0.000000 -1.000000 0.000000
vn 0.000000 -1.000000 0.000000
vn 0.000000 -1.000000 0.000000
vn 0.000000 -1.000000 0.000000
vn 0.000000 -1.000000 0.000000
vn 0.000000 -1.000000 0.000000
vn 0.000000 -1.000000 0.000000
vn 0.000000 -1.000000 0.000000
vn 0.000000 -1.000000 0.000000
vn 0.000000 -1.000000 0.000000
vn 0.000000 -1.000000 0.000000
vn 0.000000 -1.000000 0.000000
vn 0.000000 -1.000000 0.000000
vn 1.000000 0.000000 0.000000
vn 1.000000 0.000000 0.000000
vn 1.000000 0.000000 0.000000
vn 1.000000 0.000000 0.000000
vn -1.000000 0.000000 0.000000
vn -1.000000 0.000000 0.000000
vn -1.000000 0.000000 0.000000
vn -1.000000 0.000000 0.000000
vn 0.000000 0.000000 1.000000
vn 0.000000 0.000000 1.000000
vn 0.000000 0.000000 -1.000000
vn 0.000000 0.000000 -1.000000
vn -1.000000 0.000000 0.000000
vn -1.000000 0.000000 0.000000
vn 0.000000 0.000000 1.000000
vn 0.000000 0.000000 -1.000000
vn 0.000000 0.000000 1.000000
vn 0.000000 0.000000 -1.000000
vn 0.000000 0.000000 1.000000
vn 0.000000 0.000000 -1.000000
vn 0.000000 0.000000 1.000000
vn 0.000000 0.000000 -1.000000
vn 0.000000 0.000000 1.000000
vn 0.000000 0.000000 -1.000000
vn 0.000000 0.000000 1.000000
vn 0.000000 0.000000 -1.000000
vn 0.000000 0.000000 1.000000
vn 0.000000 0.000000 -1.000000
vn 0.000000 0.000000 1.000000
vn 0.000000 0.000000 -1.000000
vn 0.000000 0.000000 1.000000
vn 0.000000 0.000000 -1.000000
vn 0.000000 0.000000 1.000000
vn 0.000000 0.000000 -1.000000
vn 0.000000 0.000000 1.000000
vn 0.000000 0.000000 -1.000000
vn 0.000000 0.000000 1.000000
vn 1.000000 0.000000 0.000000
vn 1.000000 0.000000 0.000000
vn 0.000000 0.000000 -1.000000
vn 0.000000 0.000000 1.000000
vn 0.000000 0.000000 1.000000
vn 0.000000 0.000000 -1.000000
vn 0.000000 0.000000 -1.000000
vn -1.000000 0.000000 0.000000
vn -1.000000 0.000000 0.000000
vn 0.000000 0.000000 1.000000
vn 0.000000 0.000000 -1.000000
vn 0.000000 0.000000 1.000000
vn 0.000000 0.000000 -1.000000
vn 0.000000 0.000000 1.000000
vn 0.000000 0.000000 -1.000000
vn 0.000000 0.000000 1.000000
vn 0.000000 0.000000 -1.000000
vn 0.000000 0.000000 1.000000
vn 0.000000 0.000000 -1.000000
vn 0.000000 0.000000 1.000000
vn 0.000000 0.000000 -1.000000
vn 0.000000 0.000000 1.000000
vn 0.000000 0.000000 -1.000000
vn 0.000000 0.000000 1.000000
vn 0.000000 0.000000 -1.000000
vn 0.000000 0.000000 1.000000
vn 0.000000 0.000000 -1.000000
vn 0.000000 0.000000 1.000000
vn 0.000000 0.000000 -1.000000
vn 0.000000 0.000000 1.000000
vn 0.000000 0.000000 -1.000000
vn 0.000000 0.000000 1.000000
vn 1.000000 0.000000 0.000000
vn 1.000000 0.000000 0.000000
vn 0.000000 0.000000 -1.000000
s 1
g pCube12
usemtl initialShadingGroup
f 41/59/77 42/60/78 56/74/79 55/73/80
f 42/60/78 43/61/81 57/75/82 56/74/79
f 43/61/81 44/62/83 58/76/84 57/75/82
f 44/62/83 45/63/85 59/77/86 58/76/84
f 45/63/85 46/64/87 60/78/88 59/77/86
f 46/64/87 47/65/89 61/79/90 60/78/88
f 47/65/89 48/66/91 62/80/92 61/79/90
f 48/66/91 49/67/93 63/81/94 62/80/92
f 49/67/93 50/68/95 64/82/96 63/81/94
f 50/68/95 51/69/97 65/83/98 64/82/96
f 51/69/97 52/70/99 66/84/100 65/83/98
f 52/70/99 53/71/101 67/85/102 66/84/100
f 53/71/101 54/72/103 68/86/104 67/85/102
s 2
f 125/161/105 126/162/106 127/163/107 128/164/108
f 126/162/106 129/165/109 130/166/110 127/163/107
f 129/165/109 131/167/111 132/168/112 130/166/110
f 131/167/111 133/169/113 134/170/114 132/168/112
f 133/169/113 135/171/115 136/172/116 134/170/114
f 135/171/115 137/173/117 138/174/118 136/172/116
f 137/173/117 139/175/119 140/176/120 138/174/118
f 139/175/119 141/177/121 142/178/122 140/176/120
f 141/177/121 143/179/123 144/180/124 142/178/122
f 143/179/123 145/181/125 146/182/126 144/180/124
f 145/181/125 147/183/127 148/184/128 146/182/126
f 147/183/127 149/185/129 150/186/130 148/184/128
f 149/185/129 151/187/131 152/188/132 150/186/130
s 3
f 69/87/133 70/88/134 84/102/135 83/101/136
f 70/88/134 71/89/137 85/103/138 84/102/135
f 71/89/137 72/90/139 86/104/140 85/103/138
f 72/90/139 73/91/141 87/105/142 86/104/140
f 73/91/141 74/92/143 88/106/144 87/105/142
f 74/92/143 75/93/145 89/107/146 88/106/144
f 75/93/145 76/94/147 90/108/148 89/107/146
f 76/94/147 77/95/149 91/109/150 90/108/148
f 77/95/149 78/96/151 92/110/152 91/109/150
f 78/96/151 79/97/153 93/111/154 92/110/152
f 79/97/153 80/98/155 94/112/156 93/111/154
f 80/98/155 81/99/157 95/113/158 94/112/156
f 81/99/157 82/100/159 96/114/160 95/113/158
s 4
f 83/101/161 84/102/162 42/116/163 41/115/164
f 84/102/162 85/103/165 43/117/166 42/116/163
f 85/103/165 86/104/167 44/118/168 43/117/166
f 86/104/167 87/105/169 45/119/170 44/118/168
f 87/105/169 88/106/171 46/120/172 45/119/170
f 88/106/171 89/107/173 47/121/174 46/120/172
f 89/107/173 90/108/175 48/122/176 47/121/174
f 90/108/175 91/109/177 49/123/178 48/122/176
f 91/109/177 92/110/179 50/124/180 49/123/178
f 92/110/179 93/111/181 51/125/182 50/124/180
f 93/111/181 94/112/183 52/126/184 51/125/182
f 94/112/183 95/113/185 53/127/186 52/126/184
f 95/113/185 96/114/187 54/128/188 53/127/186
s 5
f 54/72/189 96/129/190 82/130/191 68/86/192
s 6
f 83/131/193 41/59/194 55/73/195 69/132/196
s 1
f 55/73/80 56/74/79 98/134/197 97/133/198
s 3
f 70/88/134 69/87/133 100/136/199 99/135/200
s 6
f 69/87/196 55/73/195 97/133/201 100/136/202
s 1
f 56/74/79 57/75/82 101/137/203 98/134/197
s 3
f 71/89/137 70/88/134 99/135/200 102/138/204
s 1
f 57/75/82 58/76/84 103/139/205 101/137/203
s 3
f 72/90/139 71/89/137 102/138/204 104/140/206
s 1
f 58/76/84 59/77/86 105/141/207 103/139/205
s 3
f 73/91/141 72/90/139 104/140/206 106/142/208
s 1
f 59/77/86 60/78/88 107/143/209 105/141/207
s 3
f 74/92/143 73/91/141 106/142/208 108/144/210
s 1
f 60/78/88 61/79/90 109/145/211 107/143/209
s 3
f 75/93/145 74/92/143 108/144/210 110/146/212
s 1
f 61/79/90 62/80/92 111/147/213 109/145/211
s 3
f 76/94/147 75/93/145 110/146/212 112/148/214
s 1
f 62/80/92 63/81/94 113/149/215 111/147/213
s 3
f 77/95/149 76/94/147 112/148/214 114/150/216
s 1
f 63/81/94 64/82/96 115/151/217 113/149/215
s 3
f 78/96/151 77/95/149 114/150/216 116/152/218
s 1
f 64/82/96 65/83/98 117/153/219 115/151/217
s 3
f 79/97/153 78/96/151 116/152/218 118/154/220
s 1
f 65/83/98 66/84/100 119/155/221 117/153/219
s 3
f 80/98/155 79/97/153 118/154/220 120/156/222
s 1
f 66/84/100 67/85/102 121/157/223 119/155/221
s 3
f 81/99/157 80/98/155 120/156/222 122/158/224
s 1
f 67/85/102 68/86/104 123/159/225 121/157/223
s 5
f 68/86/192 82/100/191 124/160/226 123/159/227
s 3
f 82/100/159 81/99/157 122/158/224 124/160/228
s 1
f 97/133/198 98/134/197 126/162/229 125/161/230
s 3
f 99/135/200 100/136/199 128/164/231 127/163/232
s 6
f 100/136/202 97/133/201 125/161/233 128/164/234
s 1
f 98/134/197 101/137/203 129/165/235 126/162/229
s 3
f 102/138/204 99/135/200 127/163/232 130/166/236
s 1
f 101/137/203 103/139/205 131/167/237 129/165/235
s 3
f 104/140/206 102/138/204 130/166/236 132/168/238
s 1
f 103/139/205 105/141/207 133/169/239 131/167/237
s 3
f 106/142/208 104/140/206 132/168/238 134/170/240
s 1
f 105/141/207 107/143/209 135/171/241 133/169/239
s 3
f 108/144/210 106/142/208 134/170/240 136/172/242
s 1
f 107/143/209 109/145/211 137/173/243 135/171/241
s 3
f 110/146/212 108/144/210 136/172/242 138/174/244
s 1
f 109/145/211 111/147/213 139/175/245 137/173/243
s 3
f 112/148/214 110/146/212 138/174/244 140/176/246
s 1
f 111/147/213 113/149/215 141/177/247 139/175/245
s 3
f 114/150/216 112/148/214 140/176/246 142/178/248
s 1
f 113/149/215 115/151/217 143/179/249 141/177/247
s 3
f 116/152/218 114/150/216 142/178/248 144/180/250
s 1
f 115/151/217 117/153/219 145/181/251 143/179/249
s 3
f 118/154/220 116/152/218 144/180/250 146/182/252
s 1
f 117/153/219 119/155/221 147/183/253 145/181/251
s 3
f 120/156/222 118/154/220 146/182/252 148/184/254
s 1
f 119/155/221 121/157/223 149/185/255 147/183/253
s 3
f 122/158/224 120/156/222 148/184/254 150/186/256
s 1
f 121/157/223 123/159/225 151/187/257 149/185/255
s 5
f 123/159/227 124/160/226 152/188/258 151/187/259
s 3
f 124/160/228 122/158/224 150/186/256 152/188/260
g default
v -8.600000 -0.150000 -7.037474
v -7.600000 -0.150000 -7.037474
v -8.600000 0.150000 -7.037474
v -7.600000 0.150000 -7.037474
v -8.600000 0.150000 -8.037474
v -7.600000 0.150000 -8.037474
v -8.600000 -0.150000 -8.037474
v -7.600000 -0.150000 -8.037474
v -8.600000 0.850000 -7.037474
v -7.600000 0.850000 -7.037474
v -7.600000 0.850000 -8.037474
v -8.600000 0.850000 -8.037474
v -8.600000 1.550000 -7.037474
v -7.600000 1.550000 -7.037474
v -7.600000 1.550000 -8.037474
v -8.600000 1.550000 -8.037474
v -8.600000 1.850000 -7.037474
v -7.600000 1.850000 -7.037474
v -7.600000 1.850000 -8.037474
v -8.600000 1.850000 -8.037474
v -8.600000 2.550000 -7.037474
v -7.600000 2.550000 -7.037474
v -7.600000 2.550000 -8.037474
v -8.600000 2.550000 -8.037474
v -8.600000 3.250000 -7.037474
v -7.600000 3.250000 -7.037474
v -7.600000 3.250000 -8.037474
v -8.600000 3.250000 -8.037474
v -8.600000 3.550001 -7.037474
v -7.600000 3.550001 -7.037474
v -7.600000 3.550001 -8.037474
v -8.600000 3.550001 -8.037474
v -8.600000 4.250000 -7.037474
v -7.600000 4.250000 -7.037474
v -7.600000 4.250000 -8.037474
v -8.600000 4.250000 -8.037474
v -8.600000 4.950000 -7.037474
v -7.600000 4.950000 -7.037474
v -7.600000 4.950000 -8.037474
v -8.600000 4.950000 -8.037474
v -8.600000 5.250001 -7.037474
v -7.600000 5.250001 -7.037474
v -7.600000 5.250001 -8.037474
v -8.600000 5.250001 -8.037474
v -8.600000 5.244054 -7.041724
v -7.900002 5.244054 -7.041724
v -7.200001 5.244054 -7.041724
v -6.500001 5.244054 -7.041724
v -5.800000 5.244054 -7.041724
v -5.100000 5.244054 -7.041724
v -4.400001 5.244054 -7.041724
v -3.700001 5.244054 -7.041724
v -3.000001 5.244054 -7.041724
v -2.300000 5.244054 -7.041724
v -1.600000 5.244054 -7.041724
v -0.900001 5.244054 -7.041724
v -0.200000 5.244054 -7.041724
v 0.500000 5.244054 -7.041724
v -8.600000 5.944054 -7.041724
v -7.900002 5.944054 -7.041724
v -7.200001 5.944054 -7.041724
v -6.500001 5.944054 -7.041724
v -5.800000 5.944054 -7.041724
v -5.100000 5.944054 -7.041724
v -4.400001 5.944054 -7.041724
v -3.700001 5.944054 -7.041724
v -3.000001 5.944054 -7.041724
v -2.300000 5.944054 -7.041724
v -1.600000 5.944054 -7.041724
v -0.900001 5.944054 -7.041724
v -0.200000 5.944054 -7.041724
v 0.500000 5.944054 -7.041724
v -8.600000 5.944054 -8.041725
v -7.900002 5.944054 -8.041725
v -7.200001 5.944054 -8.041725
v -6.500001 5.944054 -8.041725
v -5.800000 5.944054 -8.041725
v -5.100000 5.944054 -8.041725
v -4.400001 5.944054 -8.041725
v -3.700001 5.944054 -8.041725
v -3.000001 5.944054 -8.041725
v -2.300000 5.944054 -8.041725
v -1.600000 5.944054 -8.041725
v -0.900001 5.944054 -8.041725
v -0.200000 5.944054 -8.041725
v 0.500000 5.944054 -8.041725
v -8.600000 5.244054 -8.041725
v -7.900002 5.244054 -8.041725
v -7.200001 5.244054 -8.041725
v -6.500001 5.244054 -8.041725
v -5.800000 5.244054 -8.041725
v -5.100000 5.244054 -8.041725
v -4.400001 5.244054 -8.041725
v -3.700001 5.244054 -8.041725
v -3.000001 5.244054 -8.041725
v -2.300000 5.244054 -8.041725
v -1.600000 5.244054 -8.041725
v -0.900001 5.244054 -8.041725
v -0.200000 5.244054 -8.041725
v 0.500000 5.244054 -8.041725
v -8.600000 6.644053 -7.041724
v -7.900002 6.644053 -7.041724
v -7.900002 6.644053 -8.041725
v -8.600000 6.644053 -8.041725
v -7.200001 6.644053 -7.041724
v -7.200001 6.644053 -8.041725
v -6.500001 6.644053 -7.041724
v -6.500001 6.644053 -8.041725
v -5.800000 6.644053 -7.041724
v -5.800000 6.644053 -8.041725
v -5.100000 6.644053 -7.041724
v -5.100000 6.644053 -8.041725
v -4.400001 6.644053 -7.041724
v -4.400001 6.644053 -8.041725
v -3.700001 6.644053 -7.041724
v -3.700001 6.644053 -8.041725
v -3.000001 6.644053 -7.041724
v -3.000001 6.644053 -8.041725
v -2.300000 6.644053 -7.041724
v -2.300000 6.644053 -8.041725
v -1.600000 6.644053 -7.041724
v -1.600000 6.644053 -8.041725
v -0.900001 6.644053 -7.041724
v -0.900001 6.644053 -8.041725
v -0.200000 6.644053 -7.041724
v -0.200000 6.644053 -8.041725
v 0.500000 6.644053 -7.041724
v 0.500000 6.644053 -8.041725
v -8.600000 6.944054 -7.041724
v -7.900002 6.944054 -7.041724
v -7.900002 6.944054 -8.041725
v -8.600000 6.944054 -8.041725
v -7.200001 6.944054 -7.041724
v -7.200001 6.944054 -8.041725
v -6.500001 6.944054 -7.041724
v -6.500001 6.944054 -8.041725
v -5.800000 6.944054 -7.041724
v -5.800000 6.944054 -8.041725
v -5.100000 6.944054 -7.041724
v -5.100000 6.944054 -8.041725
v -4.400001 6.944054 -7.041724
v -4.400001 6.944054 -8.041725
v -3.700001 6.944054 -7.041724
v -3.700001 6.944054 -8.041725
v -3.000001 6.944054 -7.041724
v -3.000001 6.944054 -8.041725
v -2.300000 6.944054 -7.041724
v -2.300000 6.944054 -8.041725
v -1.600000 6.944054 -7.041724
v -1.600000 6.944054 -8.041725
v -0.900001 6.944054 -7.041724
v -0.900001 6.944054 -8.041725
v -0.200000 6.944054 -7.041724
v -0.200000 6.944054 -8.041725
v 0.500000 6.944054 -7.041724
v 0.500000 6.944054 -8.041725
v -0.500000 -0.150000 -7.037474
v 0.500000 -0.150000 -7.037474
v -0.500000 0.150000 -7.037474
v 0.500000 0.150000 -7.037474
v -0.500000 0.150000 -8.037474
v 0.500000 0.150000 -8.037474
v -0.500000 -0.150000 -8.037474
v 0.500000 -0.150000 -8.037474
v -0.500000 0.850000 -7.037474
v 0.500000 0.850000 -7.037474
v 0.500000 0.850000 -8.037474
v -0.500000 0.850000 -8.037474
v -0.500000 1.550000 -7.037474
v 0.500000 1.550000 -7.037474
v 0.500000 1.550000 -8.037474
v -0.500000 1.550000 -8.037474
v -0.500000 1.850000 -7.037474
v 0.500000 1.850000 -7.037474
v 0.500000 1.850000 -8.037474
v -0.500000 1.850000 -8.037474
v -0.500000 2.550000 -7.037474
v 0.500000 2.550000 -7.037474
v 0.500000 2.550000 -8.037474
v -0.500000 2.550000 -8.037474
v -0.500000 3.250000 -7.037474
v 0.500000 3.250000 -7.037474
v 0.500000 3.250000 -8.037474
v -0.500000 3.250000 -8.037474
v -0.500000 3.550001 -7.037474
v 0.500000 3.550001 -7.037474
v 0.500000 3.550001 -8.037474
v -0.500000 3.550001 -8.037474
v -0.500000 4.250000 -7.037474
v 0.500000 4.250000 -7.037474
v 0.500000 4.250000 -8.037474
v -0.500000 4.250000 -8.037474
v -0.500000 4.950000 -7.037474
v 0.500000 4.950000 -7.037474
v 0.500000 4.950000 -8.037474
v -0.500000 4.950000 -8.037474
v -0.500000 5.250001 -7.037474
v 0.500000 5.250001 -7.037474
v 0.500000 5.250001 -8.037474
v -0.500000 5.250001 -8.037474
vt 0.375000 0.000000
vt 0.625000 0.000000
vt 0.625000 0.250000
vt 0.375000 0.250000
vt 0.375000 0.250000
vt 0.625000 0.250000
vt 0.625000 0.500000
vt 0.375000 0.500000
vt 0.375000 0.500000
vt 0.625000 0.500000
vt 0.625000 0.750000
vt 0.375000 0.750000
vt 0.625000 1.000000
vt 0.375000 1.000000
vt 0.875000 0.000000
vt 0.875000 0.250000
vt 0.125000 0.000000
vt 0.125000 0.250000
vt 0.625000 0.250000
vt 0.375000 0.250000
vt 0.625000 0.500000
vt 0.375000 0.500000
vt 0.625000 0.250000
vt 0.375000 0.250000
vt 0.625000 0.500000
vt 0.375000 0.500000
vt 0.625000 0.250000
vt 0.375000 0.250000
vt 0.625000 0.500000
vt 0.375000 0.500000
vt 0.625000 0.250000
vt 0.375000 0.250000
vt 0.625000 0.500000
vt 0.375000 0.500000
vt 0.625000 0.250000
vt 0.375000 0.250000
vt 0.625000 0.500000
vt 0.375000 0.500000
vt 0.625000 0.250000
vt 0.375000 0.250000
vt 0.625000 0.500000
vt 0.375000 0.500000
vt 0.625000 0.250000
vt 0.375000 0.250000
vt 0.625000 0.500000
vt 0.375000 0.500000
vt 0.625000 0.250000
vt 0.375000 0.250000
vt 0.625000 0.500000
vt 0.375000 0.500000
vt 0.375000 0.000000
vt 0.394231 0.000000
vt 0.394231 0.250000
vt 0.375000 0.250000
vt 0.413462 0.000000
vt 0.413462 0.250000
vt 0.432692 0.000000
vt 0.432692 0.250000
vt 0.451923 0.000000
vt 0.451923 0.250000
vt 0.471154 0.000000
vt 0.471154 0.250000
vt 0.490385 0.000000
vt 0.490385 0.250000
vt 0.509615 0.000000
vt 0.509615 0.250000
vt 0.528846 0.000000
vt 0.528846 0.250000
vt 0.548077 0.000000
vt 0.548077 0.250000
vt 0.567308 0.000000
vt 0.567308 0.250000
vt 0.586539 0.000000
vt 0.586539 0.250000
vt 0.605769 0.000000
vt 0.605769 0.250000
vt 0.625000 0.000000
vt 0.625000 0.250000
vt 0.375000 0.250000
vt 0.394231 0.250000
vt 0.394231 0.500000
vt 0.375000 0.500000
vt 0.413462 0.250000
vt 0.413462 0.500000
vt 0.432692 0.250000
vt 0.432692 0.500000
vt 0.451923 0.250000
vt 0.451923 0.500000
vt 0.471154 0.250000
vt 0.471154 0.500000
vt 0.490385 0.250000
vt 0.490385 0.500000
vt 0.509615 0.250000
vt 0.509615 0.500000
vt 0.528846 0.250000
vt 0.528846 0.500000
vt 0.548077 0.250000
vt 0.548077 0.500000
vt 0.567308 0.250000
vt 0.567308 0.500000
vt 0.586539 0.250000
vt 0.586539 0.500000
vt 0.605769 0.250000
vt 0.605769 0.500000
vt 0.625000 0.250000
vt 0.625000 0.500000
vt 0.375000 0.500000
vt 0.394231 0.500000
vt 0.394231 0.750000
vt 0.375000 0.750000
vt 0.413462 0.500000
vt 0.413462 0.750000
vt 0.432692 0.500000
vt 0.432692 0.750000
vt 0.451923 0.500000
vt 0.451923 0.750000
vt 0.471154 0.500000
vt 0.471154 0.750000
vt 0.490385 0.500000
vt 0.490385 0.750000
vt 0.509615 0.500000
vt 0.509615 0.750000
vt 0.528846 0.500000
vt 0.528846 0.750000
vt 0.548077 0.500000
vt 0.548077 0.750000
vt 0.567308 0.500000
vt 0.567308 0.750000
vt 0.586539 0.500000
vt 0.586539 0.750000
vt 0.605769 0.500000
vt 0.605769 0.750000
vt 0.625000 0.500000
vt 0.625000 0.750000
vt 0.394231 1.000000
vt 0.375000 1.000000
vt 0.413462 1.000000
vt 0.432692 1.000000
vt 0.451923 1.000000
vt 0.471154 1.000000
vt 0.490385 1.000000
vt 0.509615 1.000000
vt 0.528846 1.000000
vt 0.548077 1.000000
vt 0.567308 1.000000
vt 0.586539 1.000000
vt 0.605769 1.000000
vt 0.625000 1.000000
vt 0.875000 0.000000
vt 0.875000 0.250000
vt 0.125000 0.000000
vt 0.125000 0.250000
vt 0.394231 0.250000
vt 0.375000 0.250000
vt 0.375000 0.500000
vt 0.394231 0.500000
vt 0.413462 0.250000
vt 0.413462 0.500000
vt 0.432692 0.250000
vt 0.432692 0.500000
vt 0.451923 0.250000
vt 0.451923 0.500000
vt 0.471154 0.250000
vt 0.471154 0.500000
vt 0.490385 0.250000
vt 0.490385 0.500000
vt 0.509615 0.250000
vt 0.509615 0.500000
vt 0.528846 0.250000
vt 0.528846 0.500000
vt 0.548077 0.250000
vt 0.548077 0.500000
vt 0.567308 0.250000
vt 0.567308 0.500000
vt 0.586539 0.250000
vt 0.586539 0.500000
vt 0.605769 0.250000
vt 0.605769 0.500000
vt 0.625000 0.250000
vt 0.625000 0.500000
vt 0.375000 0.000000
vt 0.625000 0.000000
vt 0.625000 0.250000
vt 0.375000 0.250000
vt 0.375000 0.250000
vt 0.625000 0.250000
vt 0.625000 0.500000
vt 0.375000 0.500000
vt 0.375000 0.500000
vt 0.625000 0.500000
vt 0.625000 0.750000
vt 0.375000 0.750000
vt 0.625000 1.000000
vt 0.375000 1.000000
vt 0.875000 0.000000
vt 0.875000 0.250000
vt 0.125000 0.000000
vt 0.125000 0.250000
vt 0.625000 0.250000
vt 0.375000 0.250000
vt 0.625000 0.500000
vt 0.375000 0.500000
vt 0.625000 0.250000
vt 0.375000 0.250000
vt 0.625000 0.500000
vt 0.375000 0.500000
vt 0.625000 0.250000
vt 0.375000 0.250000
vt 0.625000 0.500000
vt 0.375000 0.500000
vt 0.625000 0.250000
vt 0.375000 0.250000
vt 0.625000 0.500000
vt 0.375000 0.500000
vt 0.625000 0.250000
vt 0.375000 0.250000
vt 0.625000 0.500000
vt 0.375000 0.500000
vt 0.625000 0.250000
vt 0.375000 0.250000
vt 0.625000 0.500000
vt 0.375000 0.500000
vt 0.625000 0.250000
vt 0.375000 0.250000
vt 0.625000 0.500000
vt 0.375000 0.500000
vt 0.625000 0.250000
vt 0.375000 0.250000
vt 0.625000 0.500000
vt 0.375000 0.500000
vn 0.000000 0.000000 1.000000
vn 0.000000 0.000000 1.000000
vn 0.000000 0.000000 1.000000
vn 0.000000 0.000000 1.000000
vn 0.000000 1.000000 0.000000
vn 0.000000 1.000000 0.000000
vn 0.000000 1.000000 0.000000
vn 0.000000 1.000000 0.000000
vn 0.000000 0.000000 -1.000000
vn 0.000000 0.000000 -1.000000
vn 0.000000 0.000000 -1.000000
vn 0.000000 0.000000 -1.000000
vn 0.000000 -1.000000 0.000000
vn 0.000000 -1.000000 0.000000
vn 0.000000 -1.000000 0.000000
vn 0.000000 -1.000000 0.000000
vn 1.000000 0.000000 0.000000
vn 1.000000 0.000000 0.000000
vn 1.000000 0.000000 0.000000
vn 1.000000 0.000000 0.000000
vn -1.000000 0.000000 0.000000
vn -1.000000 0.000000 0.000000
vn -1.000000 0.000000 0.000000
vn -1.000000 0.000000 0.000000
vn 0.000000 0.000000 1.000000
vn 0.000000 0.000000 1.000000
vn 1.000000 0.000000 0.000000
vn 1.000000 0.000000 0.000000
vn 0.000000 0.000000 -1.000000
vn 0.000000 0.000000 -1.000000
vn -1.000000 0.000000 0.000000
vn -1.000000 0.000000 0.000000
vn 0.000000 0.000000 1.000000
vn 0.000000 0.000000 1.000000
vn 1.000000 0.000000 0.000000
vn 1.000000 0.000000 0.000000
vn 0.000000 0.000000 -1.000000
vn 0.000000 0.000000 -1.000000
vn -1.000000 0.000000 0.000000
vn -1.000000 0.000000 0.000000
vn 0.000000 0.000000 1.000000
vn 0.000000 0.000000 1.000000
vn 1.000000 0.000000 0.000000
vn 1.000000 0.000000 0.000000
vn 0.000000 0.000000 -1.000000
vn 0.000000 0.000000 -1.000000
vn -1.000000 0.000000 0.000000
vn -1.000000 0.000000 0.000000
vn 0.000000 0.000000 1.000000
vn 0.000000 0.000000 1.000000
vn 1.000000 0.000000 0.000000
vn 1.000000 0.000000 0.000000
vn 0.000000 0.000000 -1.000000
vn 0.000000 0.000000 -1.000000
vn -1.000000 0.000000 0.000000
vn -1.000000 0.000000 0.000000
vn 0.000000 0.000000 1.000000
vn 0.000000 0.000000 1.000000
vn 1.000000 0.000000 0.000000
vn 1.000000 0.000000 0.000000
vn 0.000000 0.000000 -1.000000
vn 0.000000 0.000000 -1.000000
vn -1.000000 0.000000 0.000000
vn -1.000000 0.000000 0.000000
vn 0.000000 0.000000 1.000000
vn 0.000000 0.000000 1.000000
vn 1.000000 0.000000 0.000000
vn 1.000000 0.000000 0.000000
vn 0.000000 0.000000 -1.000000
vn 0.000000 0.000000 -1.000000
vn -1.000000 0.000000 0.000000
vn -1.000000 0.000000 0.000000
vn 0.000000 0.000000 1.000000
vn 0.000000 0.000000 1.000000
vn 1.000000 0.000000 0.000000
vn 1.000000 0.000000 0.000000
vn 0.000000 0.000000 -1.000000
vn 0.000000 0.000000 -1.000000
vn -1.000000 0.000000 0.000000
vn -1.000000 0.000000 0.000000
vn 0.000000 0.000000 1.000000
vn 0.000000 0.000000 1.000000
vn 1.000000 0.000000 0.000000
vn 1.000000 0.000000 0.000000
vn 0.000000 0.000000 -1.000000
vn 0.000000 0.000000 -1.000000
vn -1.000000 0.000000 0.000000
vn -1.000000 0.000000 0.000000
vn 0.000000 0.000000 1.000000
vn 0.000000 0.000000 1.000000
vn 1.000000 0.000000 0.000000
vn 1.000000 0.000000 0.000000
vn 0.000000 0.000000 -1.000000
vn 0.000000 0.000000 -1.000000
vn -1.000000 0.000000 0.000000
vn -1.000000 0.000000 0.000000
vn 0.000000 0.000000 1.000000
vn 0.000000 0.000000 1.000000
vn 0.000000 0.000000 1.000000
vn 0.000000 0.000000 1.000000
vn 0.000000 0.000000 1.000000
vn 0.000000 0.000000 1.000000
vn 0.000000 0.000000 1.000000
vn 0.000000 0.000000 1.000000
vn 0.000000 0.000000 1.000000
vn 0.000000 0.000000 1.000000
vn 0.000000 0.000000 1.000000
vn 0.000000 0.000000 1.000000
vn 0.000000 0.000000 1.000000
vn 0.000000 0.000000 1.000000
vn 0.000000 0.000000 1.000000
vn 0.000000 0.000000 1.000000
vn 0.000000 0.000000 1.000000
vn 0.000000 0.000000 1.000000
vn 0.000000 0.000000 1.000000
vn 0.000000 0.000000 1.000000
vn 0.000000 0.000000 1.000000
vn 0.000000 0.000000 1.000000
vn 0.000000 0.000000 1.000000
vn 0.000000 0.000000 1.000000
vn 0.000000 0.000000 1.000000
vn 0.000000 0.000000 1.000000
vn 0.000000 0.000000 1.000000
vn 0.000000 0.000000 1.000000
vn 0.000000 1.000000 0.000000
vn 0.000000 1.000000 0.000000
vn 0.000000 1.000000 0.000000
vn 0.000000 1.000000 0.000000
vn 0.000000 1.000000 0.000000
vn 0.000000 1.000000 0.000000
vn 0.000000 1.000000 0.000000
vn 0.000000 1.000000 0.000000
vn 0.000000 1.000000 0.000000
vn 0.000000 1.000000 0.000000
vn 0.000000 1.000000 0.000000
vn 0.000000 1.000000 0.000000
vn 0.000000 1.000000 0.000000
vn 0.000000 1.000000 0.000000
vn 0.000000 1.000000 0.000000
vn 0.000000 1.000000 0.000000
vn 0.000000 1.000000 0.000000
vn 0.000000 1.000000 0.000000
vn 0.000000 1.000000 0.000000
vn 0.000000 1.000000 0.000000
vn 0.000000 1.000000 0.000000
vn 0.000000 1.000000 0.000000
vn 0.000000 1.000000 0.000000
vn 0.000000 1.000000 0.000000
vn 0.000000 1.000000 0.000000
vn 0.000000 1.000000 0.000000
vn 0.000000 1.000000 0.000000
vn 0.000000 1.000000 0.000000
vn 0.000000 0.000000 -1.000000
vn 0.000000 0.000000 -1.000000
vn 0.000000 0.000000 -1.000000
vn 0.000000 0.000000 -1.000000
vn 0.000000 0.000000 -1.000000
vn 0.000000 0.000000 -1.000000
vn 0.000000 0.000000 -1.000000
vn 0.000000 0.000000 -1.000000
vn 0.000000 0.000000 -1.000000
vn 0.000000 0.000000 -1.000000
vn 0.000000 0.000000 -1.000000
vn 0.000000 0.000000 -1.000000
vn 0.000000 0.000000 -1.000000
vn 0.000000 0.000000 -1.000000
vn 0.000000 0.000000 -1.000000
vn 0.000000 0.000000 -1.000000
vn 0.000000 0.000000 -1.000000
vn 0.000000 0.000000 -1.000000
vn 0.000000 0.000000 -1.000000
vn 0.000000 0.000000 -1.000000
vn 0.000000 0.000000 -1.000000
vn 0.000000 0.000000 -1.000000
vn 0.000000 0.000000 -1.000000
vn 0.000000 0.000000 -1.000000
vn 0.000000 0.000000 -1.000000
vn 0.000000 0.000000 -1.000000
vn 0.000000 0.000000 -1.000000
vn 0.000000 0.000000 -1.000000
vn 0.000000 -1.000000 0.000000
vn 0.000000 -1.000000 0.000000
vn 0.000000 -1.000000 0.000000
vn 0.000000 -1.000000 0.000000
vn 0.000000 -1.000000 0.000000
vn 0.000000 -1.000000 0.000000
vn 0.000000 -1.000000 0.000000
vn 0.000000 -1.000000 0.000000
vn 0.000000 -1.000000 0.000000
vn 0.000000 -1.000000 0.000000
vn 0.000000 -1.000000 0.000000
vn 0.000000 -1.000000 0.000000
vn 0.000000 -1.000000 0.000000
vn 0.000000 -1.000000 0.000000
vn 0.000000 -1.000000 0.000000
vn 0.000000 -1.000000 0.000000
vn 0.000000 -1.000000 0.000000
vn 0.000000 -1.000000 0.000000
vn 0.000000 -1.000000 0.000000
vn 0.000000 -1.000000 0.000000
vn 0.000000 -1.000000 0.000000
vn 0.000000 -1.000000 0.000000
vn 0.000000 -1.000000 0.000000
vn 0.000000 -1.000000 0.000000
vn 0.000000 -1.000000 0.000000
vn 0.000000 -1.000000 0.000000
vn 0.000000 -1.000000 0.000000
vn 0.000000 -1.000000 0.000000
vn 1.000000 0.000000 0.000000
vn 1.000000 0.000000 0.000000
vn 1.000000 0.000000 0.000000
vn 1.000000 0.000000 0.000000
vn -1.000000 0.000000 0.000000
vn -1.000000 0.000000 0.000000
vn -1.000000 0.000000 0.000000
vn -1.000000 0.000000 0.000000
vn 0.000000 0.000000 1.000000
vn 0.000000 0.000000 1.000000
vn 0.000000 0.000000 -1.000000
vn 0.000000 0.000000 -1.000000
vn -1.000000 0.000000 0.000000
vn -1.000000 0.000000 0.000000
vn 0.000000 0.000000 1.000000
vn 0.000000 0.000000 -1.000000
vn 0.000000 0.000000 1.000000
vn 0.000000 0.000000 -1.000000
vn 0.000000 0.000000 1.000000
vn 0.000000 0.000000 -1.000000
vn 0.000000 0.000000 1.000000
vn 0.000000 0.000000 -1.000000
vn 0.000000 0.000000 1.000000
vn 0.000000 0.000000 -1.000000
vn 0.000000 0.000000 1.000000
vn 0.000000 0.000000 -1.000000
vn 0.000000 0.000000 1.000000
vn 0.000000 0.000000 -1.000000
vn 0.000000 0.000000 1.000000
vn 0.000000 0.000000 -1.000000
vn 0.000000 0.000000 1.000000
vn 0.000000 0.000000 -1.000000
vn 0.000000 0.000000 1.000000
vn 0.000000 0.000000 -1.000000
vn 0.000000 0.000000 1.000000
vn 0.000000 0.000000 -1.000000
vn 0.000000 0.000000 1.000000
vn 1.000000 0.000000 0.000000
vn 1.000000 0.000000 0.000000
vn 0.000000 0.000000 -1.000000
vn 0.000000 0.000000 1.000000
vn 0.000000 0.000000 1.000000
vn 0.000000 0.000000 -1.000000
vn 0.000000 0.000000 -1.000000
vn -1.000000 0.000000 0.000000
vn -1.000000 0.000000 0.000000
vn 0.000000 0.000000 1.000000
vn 0.000000 0.000000 -1.000000
vn 0.000000 0.000000 1.000000
vn 0.000000 0.000000 -1.000000
vn 0.000000 0.000000 1.000000
vn 0.000000 0.000000 -1.000000
vn 0.000000 0.000000 1.000000
vn 0.000000 0.000000 -1.000000
vn 0.000000 0.000000 1.000000
vn 0.000000 0.000000 -1.000000
vn 0.000000 0.000000 1.000000
vn 0.000000 0.000000 -1.000000
vn 0.000000 0.000000 1.000000
vn 0.000000 0.000000 -1.000000
vn 0.000000 0.000000 1.000000
vn 0.000000 0.000000 -1.000000
vn 0.000000 0.000000 1.000000
vn 0.000000 0.000000 -1.000000
vn 0.000000 0.000000 1.000000
vn 0.000000 0.000000 -1.000000
vn 0.000000 0.000000 1.000000
vn 0.000000 0.000000 -1.000000
vn 0.000000 0.000000 1.000000
vn 1.000000 0.000000 0.000000
vn 1.000000 0.000000 0.000000
vn 0.000000 0.000000 -1.000000
vn 0.000000 0.000000 1.000000
vn 0.000000 0.000000 1.000000
vn 0.000000 0.000000 1.000000
vn 0.000000 0.000000 1.000000
vn 0.000000 1.000000 0.000000
vn 0.000000 1.000000 0.000000
vn 0.000000 1.000000 0.000000
vn 0.000000 1.000000 0.000000
vn 0.000000 0.000000 -1.000000
vn 0.000000 0.000000 -1.000000
vn 0.000000 0.000000 -1.000000
vn 0.000000 0.000000 -1.000000
vn 0.000000 -1.000000 0.000000
vn 0.000000 -1.000000 0.000000
vn 0.000000 -1.000000 0.000000
vn 0.000000 -1.000000 0.000000
vn 1.000000 0.000000 0.000000
vn 1.000000 0.000000 0.000000
vn 1.000000 0.000000 0.000000
vn 1.000000 0.000000 0.000000
vn -1.000000 0.000000 0.000000
vn -1.000000 0.000000 0.000000
vn -1.000000 0.000000 0.000000
vn -1.000000 0.000000 0.000000
vn 0.000000 0.000000 1.000000
vn 0.000000 0.000000 1.000000
vn 1.000000 0.000000 0.000000
vn 1.000000 0.000000 0.000000
vn 0.000000 0.000000 -1.000000
vn 0.000000 0.000000 -1.000000
vn -1.000000 0.000000 0.000000
vn -1.000000 0.000000 0.000000
vn 0.000000 0.000000 1.000000
vn 0.000000 0.000000 1.000000
vn 1.000000 0.000000 0.000000
vn 1.000000 0.000000 0.000000
vn 0.000000 0.000000 -1.000000
vn 0.000000 0.000000 -1.000000
vn -1.000000 0.000000 0.000000
vn -1.000000 0.000000 0.000000
vn 0.000000 0.000000 1.000000
vn 0.000000 0.000000 1.000000
vn 1.000000 0.000000 0.000000
vn 1.000000 0.000000 0.000000
vn 0.000000 0.000000 -1.000000
vn 0.000000 0.000000 -1.000000
vn -1.000000 0.000000 0.000000
vn -1.000000 0.000000 0.000000
vn 0.000000 0.000000 1.000000
vn 0.000000 0.000000 1.000000
vn 1.000000 0.000000 0.000000
vn 1.000000 0.000000 0.000000
vn 0.000000 0.000000 -1.000000
vn 0.000000 0.000000 -1.000000
vn -1.000000 0.000000 0.000000
vn -1.000000 0.000000 0.000000
vn 0.000000 0.000000 1.000000
vn 0.000000 0.000000 1.000000
vn 1.000000 0.000000 0.000000
vn 1.000000 0.000000 0.000000
vn 0.000000 0.000000 -1.000000
vn 0.000000 0.000000 -1.000000
vn -1.000000 0.000000 0.000000
vn -1.000000 0.000000 0.000000
vn 0.000000 0.000000 1.000000
vn 0.000000 0.000000 1.000000
vn 1.000000 0.000000 0.000000
vn 1.000000 0.000000 0.000000
vn 0.000000 0.000000 -1.000000
vn 0.000000 0.000000 -1.000000
vn -1.000000 0.000000 0.000000
vn -1.000000 0.000000 0.000000
vn 0.000000 0.000000 1.000000
vn 0.000000 0.000000 1.000000
vn 1.000000 0.000000 0.000000
vn 1.000000 0.000000 0.000000
vn 0.000000 0.000000 -1.000000
vn 0.000000 0.000000 -1.000000
vn -1.000000 0.000000 0.000000
vn -1.000000 0.000000 0.000000
vn 0.000000 0.000000 1.000000
vn 0.000000 0.000000 1.000000
vn 1.000000 0.000000 0.000000
vn 1.000000 0.000000 0.000000
vn 0.000000 0.000000 -1.000000
vn 0.000000 0.000000 -1.000000
vn -1.000000 0.000000 0.000000
vn -1.000000 0.000000 0.000000
vn 0.000000 0.000000 1.000000
vn 0.000000 0.000000 1.000000
vn 1.000000 0.000000 0.000000
vn 1.000000 0.000000 0.000000
vn 0.000000 0.000000 -1.000000
vn 0.000000 0.000000 -1.000000
vn -1.000000 0.000000 0.000000
vn -1.000000 0.000000 0.000000
s 1
g polySurface11
usemtl initialShadingGroup
f 153/189/261 154/190/262 156/191/263 155/192/264
s off
f 193/193/265 194/194/266 195/195/267 196/196/268
s 2
f 157/197/269 158/198/270 160/199/271 159/200/272
s off
f 159/200/273 160/199/274 154/201/275 153/202/276
s 3
f 154/190/277 160/203/278 158/204/279 156/191/280
s 4
f 159/205/281 153/189/282 155/192/283 157/206/284
s 1
f 155/192/264 156/191/263 162/207/285 161/208/286
s 3
f 156/191/280 158/198/279 163/209/287 162/207/288
s 2
f 158/198/270 157/197/269 164/210/289 163/209/290
s 4
f 157/197/284 155/192/283 161/208/291 164/210/292
s 1
f 161/208/286 162/207/285 166/211/293 165/212/294
s 3
f 162/207/288 163/209/287 167/213/295 166/211/296
s 2
f 163/209/290 164/210/289 168/214/297 167/213/298
s 4
f 164/210/292 161/208/291 165/212/299 168/214/300
s 1
f 165/212/294 166/211/293 170/215/301 169/216/302
s 3
f 166/211/296 167/213/295 171/217/303 170/215/304
s 2
f 167/213/298 168/214/297 172/218/305 171/217/306
s 4
f 168/214/300 165/212/299 169/216/307 172/218/308
s 1
f 169/216/302 170/215/301 174/219/309 173/220/310
s 3
f 170/215/304 171/217/303 175/221/311 174/219/312
s 2
f 171/217/306 172/218/305 176/222/313 175/221/314
s 4
f 172/218/308 169/216/307 173/220/315 176/222/316
s 1
f 173/220/310 174/219/309 178/223/317 177/224/318
s 3
f 174/219/312 175/221/311 179/225/319 178/223/320
s 2
f 175/221/314 176/222/313 180/226/321 179/225/322
s 4
f 176/222/316 173/220/315 177/224/323 180/226/324
s 1
f 177/224/318 178/223/317 182/227/325 181/228/326
s 3
f 178/223/320 179/225/319 183/229/327 182/227/328
s 2
f 179/225/322 180/226/321 184/230/329 183/229/330
s 4
f 180/226/324 177/224/323 181/228/331 184/230/332
s 1
f 181/228/326 182/227/325 186/231/333 185/232/334
s 3
f 182/227/328 183/229/327 187/233/335 186/231/336
s 2
f 183/229/330 184/230/329 188/234/337 187/233/338
s 4
f 184/230/332 181/228/331 185/232/339 188/234/340
s 1
f 185/232/334 186/231/333 190/235/341 189/236/342
s 3
f 186/231/336 187/233/335 191/237/343 190/235/344
s 2
f 187/233/338 188/234/337 192/238/345 191/237/346
s 4
f 188/234/340 185/232/339 189/236/347 192/238/348
s 1
f 189/236/342 190/235/341 194/194/349 193/193/350
s 3
f 190/235/344 191/237/343 195/195/351 194/194/352
s 2
f 191/237/346 192/238/345 196/196/353 195/195/354
s 4
f 192/238/348 189/236/347 193/193/355 196/196/356
s 5
f 197/239/357 198/240/358 212/241/359 211/242/360
f 198/240/358 199/243/361 213/244/362 212/241/359
f 199/243/361 200/245/363 214/246/364 213/244/362
f 200/245/363 201/247/365 215/248/366 214/246/364
f 201/247/365 202/249/367 216/250/368 215/248/366
f 202/249/367 203/251/369 217/252/370 216/250/368
f 203/251/369 204/253/371 218/254/372 217/252/370
f 204/253/371 205/255/373 219/256/374 218/254/372
f 205/255/373 206/257/375 220/258/376 219/256/374
f 206/257/375 207/259/377 221/260/378 220/258/376
f 207/259/377 208/261/379 222/262/380 221/260/378
f 208/261/379 209/263/381 223/264/382 222/262/380
f 209/263/381 210/265/383 224/266/384 223/264/382
s 6
f 281/267/385 282/268/386 283/269/387 284/270/388
f 282/268/386 285/271/389 286/272/390 283/269/387
f 285/271/389 287/273/391 288/274/392 286/272/390
f 287/273/391 289/275/393 290/276/394 288/274/392
f 289/275/393 291/277/395 292/278/396 290/276/394
f 291/277/395 293/279/397 294/280/398 292/278/396
f 293/279/397 295/281/399 296/282/400 294/280/398
f 295/281/399 297/283/401 298/284/402 296/282/400
f 297/283/401 299/285/403 300/286/404 298/284/402
f 299/285/403 301/287/405 302/288/406 300/286/404
f 301/287/405 303/289/407 304/290/408 302/288/406
f 303/289/407 305/291/409 306/292/410 304/290/408
f 305/291/409 307/293/411 308/294/412 306/292/410
s 7
f 225/295/413 226/296/414 240/297/415 239/298/416
f 226/296/414 227/299/417 241/300/418 240/297/415
f 227/299/417 228/301/419 242/302/420 241/300/418
f 228/301/419 229/303/421 243/304/422 242/302/420
f 229/303/421 230/305/423 244/306/424 243/304/422
f 230/305/423 231/307/425 245/308/426 244/306/424
f 231/307/425 232/309/427 246/310/428 245/308/426
f 232/309/427 233/311/429 247/312/430 246/310/428
f 233/311/429 234/313/431 248/314/432 247/312/430
f 234/313/431 235/315/433 249/316/434 248/314/432
f 235/315/433 236/317/435 250/318/436 249/316/434
f 236/317/435 237/319/437 251/320/438 250/318/436
f 237/319/437 238/321/439 252/322/440 251/320/438
s 8
f 239/298/441 240/297/442 198/323/443 197/324/444
f 240/297/442 241/300/445 199/325/446 198/323/443
f 241/300/445 242/302/447 200/326/448 199/325/446
f 242/302/447 243/304/449 201/327/450 200/326/448
f 243/304/449 244/306/451 202/328/452 201/327/450
f 244/306/451 245/308/453 203/329/454 202/328/452
f 245/308/453 246/310/455 204/330/456 203/329/454
f 246/310/455 247/312/457 205/331/458 204/330/456
f 247/312/457 248/314/459 206/332/460 205/331/458
f 248/314/459 249/316/461 207/333/462 206/332/460
f 249/316/461 250/318/463 208/334/464 207/333/462
f 250/318/463 251/320/465 209/335/466 208/334/464
f 251/320/465 252/322/467 210/336/468 209/335/466
s 9
f 210/265/469 252/337/470 238/338/471 224/266/472
s 10
f 239/339/473 197/239/474 211/242/475 225/340/476
s 5
f 211/242/360 212/241/359 254/341/477 253/342/478
s 7
f 226/296/414 225/295/413 256/343/479 255/344/480
s 10
f 225/295/476 211/242/475 253/342/481 256/343/482
s 5
f 212/241/359 213/244/362 257/345/483 254/341/477
s 7
f 227/299/417 226/296/414 255/344/480 258/346/484
s 5
f 213/244/362 214/246/364 259/347/485 257/345/483
s 7
f 228/301/419 227/299/417 258/346/484 260/348/486
s 5
f 214/246/364 215/248/366 261/349/487 259/347/485
s 7
f 229/303/421 228/301/419 260/348/486 262/350/488
s 5
f 215/248/366 216/250/368 263/351/489 261/349/487
s 7
f 230/305/423 229/303/421 262/350/488 264/352/490
s 5
f 216/250/368 217/252/370 265/353/491 263/351/489
s 7
f 231/307/425 230/305/423 264/352/490 266/354/492
s 5
f 217/252/370 218/254/372 267/355/493 265/353/491
s 7
f 232/309/427 231/307/425 266/354/492 268/356/494
s 5
f 218/254/372 219/256/374 269/357/495 267/355/493
s 7
f 233/311/429 232/309/427 268/356/494 270/358/496
s 5
f 219/256/374 220/258/376 271/359/497 269/357/495
s 7
f 234/313/431 233/311/429 270/358/496 272/360/498
s 5
f 220/258/376 221/260/378 273/361/499 271/359/497
s 7
f 235/315/433 234/313/431 272/360/498 274/362/500
s 5
f 221/260/378 222/262/380 275/363/501 273/361/499
s 7
f 236/317/435 235/315/433 274/362/500 276/364/502
s 5
f 222/262/380 223/264/382 277/365/503 275/363/501
s 7
f 237/319/437 236/317/435 276/364/502 278/366/504
s 5
f 223/264/382 224/266/384 279/367/505 277/365/503
s 9
f 224/266/472 238/321/471 280/368/506 279/367/507
s 7
f 238/321/439 237/319/437 278/366/504 280/368/508
s 5
f 253/342/478 254/341/477 282/268/509 281/267/510
s 7
f 255/344/480 256/343/479 284/270/511 283/269/512
s 10
f 256/343/482 253/342/481 281/267/513 284/270/514
s 5
f 254/341/477 257/345/483 285/271/515 282/268/509
s 7
f 258/346/484 255/344/480 283/269/512 286/272/516
s 5
f 257/345/483 259/347/485 287/273/517 285/271/515
s 7
f 260/348/486 258/346/484 286/272/516 288/274/518
s 5
f 259/347/485 261/349/487 289/275/519 287/273/517
s 7
f 262/350/488 260/348/486 288/274/518 290/276/520
s 5
f 261/349/487 263/351/489 291/277/521 289/275/519
s 7
f 264/352/490 262/350/488 290/276/520 292/278/522
s 5
f 263/351/489 265/353/491 293/279/523 291/277/521
s 7
f 266/354/492 264/352/490 292/278/522 294/280/524
s 5
f 265/353/491 267/355/493 295/281/525 293/279/523
s 7
f 268/356/494 266/354/492 294/280/524 296/282/526
s 5
f 267/355/493 269/357/495 297/283/527 295/281/525
s 7
f 270/358/496 268/356/494 296/282/526 298/284/528
s 5
f 269/357/495 271/359/497 299/285/529 297/283/527
s 7
f 272/360/498 270/358/496 298/284/528 300/286/530
s 5
f 271/359/497 273/361/499 301/287/531 299/285/529
s 7
f 274/362/500 272/360/498 300/286/530 302/288/532
s 5
f 273/361/499 275/363/501 303/289/533 301/287/531
s 7
f 276/364/502 274/362/500 302/288/532 304/290/534
s 5
f 275/363/501 277/365/503 305/291/535 303/289/533
s 7
f 278/366/504 276/364/502 304/290/534 306/292/536
s 5
f 277/365/503 279/367/505 307/293/537 305/291/535
s 9
f 279/367/507 280/368/506 308/294/538 307/293/539
s 7
f 280/368/508 278/366/504 306/292/536 308/294/540
s 11
f 309/369/541 310/370/542 312/371/543 311/372/544
s off
f 349/373/545 350/374/546 351/375/547 352/376/548
s 12
f 313/377/549 314/378/550 316/379/551 315/380/552
s off
f 315/380/553 316/379/554 310/381/555 309/382/556
s 13
f 310/370/557 316/383/558 314/384/559 312/371/560
s 14
f 315/385/561 309/369/562 311/372/563 313/386/564
s 11
f 311/372/544 312/371/543 318/387/565 317/388/566
s 13
f 312/371/560 314/378/559 319/389/567 318/387/568
s 12
f 314/378/550 313/377/549 320/390/569 319/389/570
s 14
f 313/377/564 311/372/563 317/388/571 320/390/572
s 11
f 317/388/566 318/387/565 322/391/573 321/392/574
s 13
f 318/387/568 319/389/567 323/393/575 322/391/576
s 12
f 319/389/570 320/390/569 324/394/577 323/393/578
s 14
f 320/390/572 317/388/571 321/392/579 324/394/580
s 11
f 321/392/574 322/391/573 326/395/581 325/396/582
s 13
f 322/391/576 323/393/575 327/397/583 326/395/584
s 12
f 323/393/578 324/394/577 328/398/585 327/397/586
s 14
f 324/394/580 321/392/579 325/396/587 328/398/588
s 11
f 325/396/582 326/395/581 330/399/589 329/400/590
s 13
f 326/395/584 327/397/583 331/401/591 330/399/592
s 12
f 327/397/586 328/398/585 332/402/593 331/401/594
s 14
f 328/398/588 325/396/587 329/400/595 332/402/596
s 11
f 329/400/590 330/399/589 334/403/597 333/404/598
s 13
f 330/399/592 331/401/591 335/405/599 334/403/600
s 12
f 331/401/594 332/402/593 336/406/601 335/405/602
s 14
f 332/402/596 329/400/595 333/404/603 336/406/604
s 11
f 333/404/598 334/403/597 338/407/605 337/408/606
s 13
f 334/403/600 335/405/599 339/409/607 338/407/608
s 12
f 335/405/602 336/406/601 340/410/609 339/409/610
s 14
f 336/406/604 333/404/603 337/408/611 340/410/612
s 11
f 337/408/606 338/407/605 342/411/613 341/412/614
s 13
f 338/407/608 339/409/607 343/413/615 342/411/616
s 12
f 339/409/610 340/410/609 344/414/617 343/413/618
s 14
f 340/410/612 337/408/611 341/412/619 344/414/620
s 11
f 341/412/614 342/411/613 346/415/621 345/416/622
s 13
f 342/411/616 343/413/615 347/417/623 346/415/624
s 12
f 343/413/618 344/414/617 348/418/625 347/417/626
s 14
f 344/414/620 341/412/619 345/416/627 348/418/628
s 11
f 345/416/622 346/415/621 350/374/629 349/373/630
s 13
f 346/415/624 347/417/623 351/375/631 350/374/632
s 12
f 347/417/626 348/418/625 352/376/633 351/375/634
s 14
f 348/418/628 345/416/627 349/373/635 352/376/636
g default
v -2.378608 -0.150000 3.774158
v -1.378608 -0.150000 3.774158
v -2.378608 0.150000 3.774158
v -1.378608 0.150000 3.774158
v -2.378608 0.150000 2.774158
v -1.378608 0.150000 2.774158
v -2.378608 -0.150000 2.774158
v -1.378608 -0.150000 2.774158
v -2.378608 0.850000 3.774158
v -1.378608 0.850000 3.774158
v -1.378608 0.850000 2.774158
v -2.378608 0.850000 2.774158
v -2.378608 1.550000 3.774158
v -1.378608 1.550000 3.774158
v -1.378608 1.550000 2.774158
v -2.378608 1.550000 2.774158
v -2.378608 1.850000 3.774158
v -1.378608 1.850000 3.774158
v -1.378608 1.850000 2.774158
v -2.378608 1.850000 2.774158
v -2.378608 2.550000 3.774158
v -1.378608 2.550000 3.774158
v -1.378608 2.550000 2.774158
v -2.378608 2.550000 2.774158
v -2.378608 3.250000 3.774158
v -1.378608 3.250000 3.774158
v -1.378608 3.250000 2.774158
v -2.378608 3.250000 2.774158
v -2.378608 3.550001 3.774158
v -1.378608 3.550001 3.774158
v -1.378608 3.550001 2.774158
v -2.378608 3.550001 2.774158
v -2.378608 4.250000 3.774158
v -1.378608 4.250000 3.774158
v -1.378608 4.250000 2.774158
v -2.378608 4.250000 2.774158
v -2.378608 4.950000 3.774158
v -1.378608 4.950000 3.774158
v -1.378608 4.950000 2.774158
v -2.378608 4.950000 2.774158
v -2.378608 5.250001 3.774158
v -1.378608 5.250001 3.774158
v -1.378608 5.250001 2.774158
v -2.378608 5.250001 2.774158
v -2.378608 -0.150000 -0.526643
v -1.378608 -0.150000 -0.526643
v -2.378608 0.150000 -0.526643
v -1.378608 0.150000 -0.526643
v -2.378608 0.150000 -1.526643
v -1.378608 0.150000 -1.526643
v -2.378608 -0.150000 -1.526643
v -1.378608 -0.150000 -1.526643
v -2.378608 0.850000 -0.526643
v -1.378608 0.850000 -0.526643
v -1.378608 0.850000 -1.526643
v -2.378608 0.850000 -1.526643
v -2.378608 1.550000 -0.526643
v -1.378608 1.550000 -0.526643
v -1.378608 1.550000 -1.526643
v -2.378608 1.550000 -1.526643
v -2.378608 1.850000 -0.526643
v -1.378608 1.850000 -0.526643
v -1.378608 1.850000 -1.526643
v -2.378608 1.850000 -1.526643
v -2.378608 2.550000 -0.526643
v -1.378608 2.550000 -0.526643
v -1.378608 2.550000 -1.526643
v -2.378608 2.550000 -1.526643
v -2.378608 3.250000 -0.526643
v -1.378608 3.250000 -0.526643
v -1.378608 3.250000 -1.526643
v -2.378608 3.250000 -1.526643
v -2.378608 3.550001 -0.526643
v -1.378608 3.550001 -0.526643
v -1.378608 3.550001 -1.526643
v -2.378608 3.550001 -1.526643
v -2.378608 4.250000 -0.526643
v -1.378608 4.250000 -0.526643
v -1.378608 4.250000 -1.526643
v -2.378608 4.250000 -1.526643
v -2.378608 4.950000 -0.526643
v -1.378608 4.950000 -0.526643
v -1.378608 4.950000 -1.526643
v -2.378608 4.950000 -1.526643
v -2.378608 5.250001 -0.526643
v -1.378608 5.250001 -0.526643
v -1.378608 5.250001 -1.526643
v -2.378608 5.250001 -1.526643
v -2.379086 5.237014 0.925488
v -1.379086 5.237014 0.925488
v -2.379086 5.937014 0.925488
v -1.379086 5.937014 0.925488
v -2.379086 5.937014 0.312988
v -1.379086 5.937014 0.312988
v -2.379086 5.937014 -0.299512
v -1.379086 5.937014 -0.299512
v -2.379086 5.937014 -0.912012
v -1.379086 5.937014 -0.912012
v -2.379086 5.937014 -1.524513
v -1.379086 5.937014 -1.524513
v -2.379086 5.237014 -1.524513
v -1.379086 5.237014 -1.524513
v -2.379086 5.237014 -0.912012
v -1.379086 5.237014 -0.912012
v -2.379086 5.237014 -0.299512
v -1.379086 5.237014 -0.299512
v -2.379086 5.237014 0.312988
v -1.379086 5.237014 0.312988
v -2.379086 6.637013 0.925488
v -1.379086 6.637013 0.925488
v -1.379086 6.637013 0.312988
v -2.379086 6.637013 0.312988
v -1.379086 6.637013 -0.299512
v -2.379086 6.637013 -0.299512
v -1.379086 6.637013 -0.912012
v -2.379086 6.637013 -0.912012
v -1.379086 6.637013 -1.524513
v -2.379086 6.637013 -1.524513
v -2.379086 6.937014 0.925488
v -1.379086 6.937014 0.925488
v -1.379086 6.937014 0.312988
v -2.379086 6.937014 0.312988
v -1.379086 6.937014 -0.299512
v -2.379086 6.937014 -0.299512
v -1.379086 6.937014 -0.912012
v -2.379086 6.937014 -0.912012
v -1.379086 6.937014 -1.524513
v -2.379086 6.937014 -1.524513
v 5.721392 -0.150000 3.774158
v 6.721392 -0.150000 3.774158
v 5.721392 0.150000 3.774158
v 6.721392 0.150000 3.774158
v 5.721392 0.150000 2.774158
v 6.721392 0.150000 2.774158
v 5.721392 -0.150000 2.774158
v 6.721392 -0.150000 2.774158
v 5.721392 0.850000 3.774158
v 6.721392 0.850000 3.774158
v 6.721392 0.850000 2.774158
v 5.721392 0.850000 2.774158
v 5.721392 1.550000 3.774158
v 6.721392 1.550000 3.774158
v 6.721392 1.550000 2.774158
v 5.721392 1.550000 2.774158
v 5.721392 1.850000 3.774158
v 6.721392 1.850000 3.774158
v 6.721392 1.850000 2.774158
v 5.721392 1.850000 2.774158
v 5.721392 2.550000 3.774158
v 6.721392 2.550000 3.774158
v 6.721392 2.550000 2.774158
v 5.721392 2.550000 2.774158
v 5.721392 3.250000 3.774158
v 6.721392 3.250000 3.774158
v 6.721392 3.250000 2.774158
v 5.721392 3.250000 2.774158
v 5.721392 3.550001 3.774158
v 6.721392 3.550001 3.774158
v 6.721392 3.550001 2.774158
v 5.721392 3.550001 2.774158
v 5.721392 4.250000 3.774158
v 6.721392 4.250000 3.774158
v 6.721392 4.250000 2.774158
v 5.721392 4.250000 2.774158
v 5.721392 4.950000 3.774158
v 6.721392 4.950000 3.774158
v 6.721392 4.950000 2.774158
v 5.721392 4.950000 2.774158
v 5.721392 5.250001 3.774158
v 6.721392 5.250001 3.774158
v 6.721392 5.250001 2.774158
v 5.721392 5.250001 2.774158
v -2.378514 5.244137 3.774158
v -1.678516 5.244137 3.774158
v -0.978514 5.244137 3.774158
v -0.278515 5.244137 3.774158
v 0.421486 5.244137 3.774158
v 1.121486 5.244137 3.774158
v 1.821486 5.244137 3.774158
v 2.521486 5.244137 3.774158
v 3.221486 5.244137 3.774158
v 3.921486 5.244137 3.774158
v 4.621486 5.244137 3.774158
v 5.321486 5.244137 3.774158
v 6.021486 5.244137 3.774158
v 6.721486 5.244137 3.774158
v -2.378514 5.944137 3.774158
v -1.678516 5.944137 3.774158
v 1.121486 5.944137 3.774158
v 1.821486 5.944137 3.774158
v 6.721486 5.944137 3.774158
v -2.378514 5.944137 2.774158
v -1.678516 5.944137 2.774158
v -0.978514 5.944137 2.774158
v -0.278515 5.944137 2.774158
v 0.421486 5.944137 2.774158
v 1.121486 5.944137 2.774158
v 1.821486 5.944137 2.774158
v 2.521486 5.944137 2.774158
v 3.221486 5.944137 2.774158
v 3.921486 5.944137 2.774158
v 4.621486 5.944137 2.774158
v 5.321486 5.944137 2.774158
v 6.021486 5.944137 2.774158
v 6.721486 5.944137 2.774158
v -2.378514 5.244137 2.774158
v -1.678516 5.244137 2.774158
v -0.978514 5.244137 2.774158
v -0.278515 5.244137 2.774158
v 0.421486 5.244137 2.774158
v 1.121486 5.244137 2.774158
v 1.821486 5.244137 2.774158
v 2.521486 5.244137 2.774158
v 3.221486 5.244137 2.774158
v 3.921486 5.244137 2.774158
v 4.621486 5.244137 2.774158
v 5.321486 5.244137 2.774158
v 6.021486 5.244137 2.774158
v 6.721486 5.244137 2.774158
v -1.678516 5.244137 3.774158
v -0.978514 5.244137 3.774158
v -0.978514 5.944137 3.774158
v -1.678516 5.944137 3.774158
v -0.278515 5.244137 3.774158
v -0.278515 5.944137 3.774158
v 0.421486 5.244137 3.774158
v 0.421486 5.944137 3.774158
v 1.121486 5.244137 3.774158
v 1.121486 5.944137 3.774158
v 1.821486 5.244137 3.774158
v 2.521486 5.244137 3.774158
v 2.521486 5.944137 3.774158
v 1.821486 5.944137 3.774158
v 3.221486 5.244137 3.774158
v 3.221486 5.944137 3.774158
v 3.921486 5.244137 3.774158
v 3.921486 5.944137 3.774158
v 4.621486 5.244137 3.774158
v 4.621486 5.944137 3.774158
v 5.321486 5.244137 3.774158
v 5.321486 5.944137 3.774158
v 6.021486 5.244137 3.774158
v 6.021486 5.944137 3.774158
v 6.721486 5.244137 3.774158
v 6.721486 5.944137 3.774158
v -2.378514 5.944137 3.774158
v -1.678516 5.944137 2.774158
v -2.378514 5.944137 2.774158
v -0.978514 5.944137 2.774158
v -0.278515 5.944137 2.774158
v 0.421486 5.944137 2.774158
v 1.121486 5.944137 2.774158
v 1.821486 5.944137 2.774158
v 2.521486 5.944137 2.774158
v 3.221486 5.944137 2.774158
v 3.921486 5.944137 2.774158
v 4.621486 5.944137 2.774158
v 5.321486 5.944137 2.774158
v 6.021486 5.944137 2.774158
v 6.721486 5.944137 2.774158
v -2.378514 5.944137 3.774158
v -1.678516 5.944137 3.774158
v -1.678516 5.944137 2.774158
v -2.378514 5.944137 2.774158
v -0.978514 5.944137 3.774158
v -0.978514 5.944137 2.774158
v -0.278515 5.944137 3.774158
v -0.278515 5.944137 2.774158
v 0.421486 5.944137 3.774158
v 0.421486 5.944137 2.774158
v 1.121486 5.944137 3.774158
v 1.121486 5.944137 2.774158
v 1.821486 5.944137 3.774158
v 1.821486 5.944137 2.774158
v 2.521486 5.944137 3.774158
v 2.521486 5.944137 2.774158
v 3.221486 5.944137 3.774158
v 3.221486 5.944137 2.774158
v 3.921486 5.944137 3.774158
v 3.921486 5.944137 2.774158
v 4.621486 5.944137 3.774158
v 4.621486 5.944137 2.774158
v 5.321486 5.944137 3.774158
v 5.321486 5.944137 2.774158
v 6.021486 5.944137 3.774158
v 6.021486 5.944137 2.774158
v 6.721486 5.944137 3.774158
v 6.721486 5.944137 2.774158
v -2.378514 6.644136 3.774158
v -1.678516 6.644136 3.774158
v -1.678516 6.644136 2.774158
v -2.378514 6.644136 2.774158
v -0.978514 6.644136 3.774158
v -0.978514 6.644136 2.774158
v -0.278515 6.644136 3.774158
v -0.278515 6.644136 2.774158
v 0.421486 6.644136 3.774158
v 0.421486 6.644136 2.774158
v 1.121486 6.644136 3.774158
v 1.121486 6.644136 2.774158
v 1.821486 6.644136 3.774158
v 1.821486 6.644136 2.774158
v 2.521486 6.644136 3.774158
v 2.521486 6.644136 2.774158
v 3.221486 6.644136 3.774158
v 3.221486 6.644136 2.774158
v 3.921486 6.644136 3.774158
v 3.921486 6.644136 2.774158
v 4.621486 6.644136 3.774158
v 4.621486 6.644136 2.774158
v 5.321486 6.644136 3.774158
v 5.321486 6.644136 2.774158
v 6.021486 6.644136 3.774158
v 6.021486 6.644136 2.774158
v 6.721486 6.644136 3.774158
v 6.721486 6.644136 2.774158
v -2.378514 6.944137 3.774158
v -1.678516 6.944137 3.774158
v -1.678516 6.944137 2.774158
v -2.378514 6.944137 2.774158
v -0.978514 6.944137 3.774158
v -0.978514 6.944137 2.774158
v -0.278515 6.944137 3.774158
v -0.278515 6.944137 2.774158
v 0.421486 6.944137 3.774158
v 0.421486 6.944137 2.774158
v 1.121486 6.944137 3.774158
v 1.121486 6.944137 2.774158
v 1.821486 6.944137 3.774158
v 1.821486 6.944137 2.774158
v 2.521486 6.944137 3.774158
v 2.521486 6.944137 2.774158
v 3.221486 6.944137 3.774158
v 3.221486 6.944137 2.774158
v 3.921486 6.944137 3.774158
v 3.921486 6.944137 2.774158
v 4.621486 6.944137 3.774158
v 4.621486 6.944137 2.774158
v 5.321486 6.944137 3.774158
v 5.321486 6.944137 2.774158
v 6.021486 6.944137 3.774158
v 6.021486 6.944137 2.774158
v 6.721486 6.944137 3.774158
v 6.721486 6.944137 2.774158
v -2.378514 5.944137 2.774158
v -1.678516 5.944137 2.774158
v -1.678516 5.244137 2.774158
v -2.378514 5.244137 2.774158
v -2.378514 5.944137 2.774158
v -1.678516 5.944137 2.774158
v -2.378514 6.644136 2.774158
v -1.678516 6.644136 2.774158
v -2.378514 6.944137 2.774158
v -1.678516 6.944137 2.774158
v -2.378514 5.944137 1.324158
v -1.678516 5.944137 1.324158
v -1.678516 5.244137 1.324158
v -2.378514 5.244137 1.324158
v -2.378514 5.944137 1.324158
v -1.678516 5.944137 1.324158
v -2.378514 6.644136 1.324158
v -1.678516 6.644136 1.324158
v -2.378514 6.944137 1.324158
v -1.678516 6.944137 1.324158
v -1.378516 5.944137 2.774158
v -1.378516 5.244137 2.774158
v -1.378516 5.244137 1.324158
v -1.378516 5.944137 1.324158
v -1.378516 5.944137 2.774158
v -1.378516 6.644136 2.774158
v -1.378516 5.944137 1.324158
v -1.378516 6.644136 1.324158
v -1.378516 6.944137 2.774158
v -1.378516 6.944137 1.324158
vt 0.375000 0.000000
vt 0.625000 0.000000
vt 0.625000 0.250000
vt 0.375000 0.250000
vt 0.375000 0.250000
vt 0.625000 0.250000
vt 0.625000 0.500000
vt 0.375000 0.500000
vt 0.375000 0.500000
vt 0.625000 0.500000
vt 0.625000 0.750000
vt 0.375000 0.750000
vt 0.625000 1.000000
vt 0.375000 1.000000
vt 0.875000 0.000000
vt 0.875000 0.250000
vt 0.125000 0.000000
vt 0.125000 0.250000
vt 0.625000 0.250000
vt 0.375000 0.250000
vt 0.625000 0.500000
vt 0.375000 0.500000
vt 0.625000 0.250000
vt 0.375000 0.250000
vt 0.625000 0.500000
vt 0.375000 0.500000
vt 0.625000 0.250000
vt 0.375000 0.250000
vt 0.625000 0.500000
vt 0.375000 0.500000
vt 0.625000 0.250000
vt 0.375000 0.250000
vt 0.625000 0.500000
vt 0.375000 0.500000
vt 0.625000 0.250000
vt 0.375000 0.250000
vt 0.625000 0.500000
vt 0.375000 0.500000
vt 0.625000 0.250000
vt 0.375000 0.250000
vt 0.625000 0.500000
vt 0.375000 0.500000
vt 0.625000 0.250000
vt 0.375000 0.250000
vt 0.625000 0.500000
vt 0.375000 0.500000
vt 0.625000 0.250000
vt 0.375000 0.250000
vt 0.625000 0.500000
vt 0.375000 0.500000
vt 0.375000 0.000000
vt 0.625000 0.000000
vt 0.625000 0.250000
vt 0.375000 0.250000
vt 0.375000 0.250000
vt 0.625000 0.250000
vt 0.625000 0.500000
vt 0.375000 0.500000
vt 0.375000 0.500000
vt 0.625000 0.500000
vt 0.625000 0.750000
vt 0.375000 0.750000
vt 0.625000 1.000000
vt 0.375000 1.000000
vt 0.875000 0.000000
vt 0.875000 0.250000
vt 0.125000 0.000000
vt 0.125000 0.250000
vt 0.625000 0.250000
vt 0.375000 0.250000
vt 0.625000 0.500000
vt 0.375000 0.500000
vt 0.625000 0.250000
vt 0.375000 0.250000
vt 0.625000 0.500000
vt 0.375000 0.500000
vt 0.625000 0.250000
vt 0.375000 0.250000
vt 0.625000 0.500000
vt 0.375000 0.500000
vt 0.625000 0.250000
vt 0.375000 0.250000
vt 0.625000 0.500000
vt 0.375000 0.500000
vt 0.625000 0.250000
vt 0.375000 0.250000
vt 0.625000 0.500000
vt 0.375000 0.500000
vt 0.625000 0.250000
vt 0.375000 0.250000
vt 0.625000 0.500000
vt 0.375000 0.500000
vt 0.625000 0.250000
vt 0.375000 0.250000
vt 0.625000 0.500000
vt 0.375000 0.500000
vt 0.625000 0.250000
vt 0.375000 0.250000
vt 0.625000 0.500000
vt 0.375000 0.500000
vt 0.375000 0.000000
vt 0.625000 0.000000
vt 0.625000 0.250000
vt 0.375000 0.250000
vt 0.375000 0.250000
vt 0.625000 0.250000
vt 0.625000 0.312500
vt 0.375000 0.312500
vt 0.625000 0.375000
vt 0.375000 0.375000
vt 0.625000 0.437500
vt 0.375000 0.437500
vt 0.625000 0.500000
vt 0.375000 0.500000
vt 0.375000 0.500000
vt 0.625000 0.500000
vt 0.625000 0.750000
vt 0.375000 0.750000
vt 0.625000 0.812500
vt 0.375000 0.812500
vt 0.625000 0.875000
vt 0.375000 0.875000
vt 0.625000 0.937500
vt 0.375000 0.937500
vt 0.625000 1.000000
vt 0.375000 1.000000
vt 0.812500 0.000000
vt 0.875000 0.000000
vt 0.875000 0.250000
vt 0.812500 0.250000
vt 0.750000 0.000000
vt 0.750000 0.250000
vt 0.687500 0.000000
vt 0.687500 0.250000
vt 0.125000 0.000000
vt 0.187500 0.000000
vt 0.187500 0.250000
vt 0.125000 0.250000
vt 0.250000 0.000000
vt 0.250000 0.250000
vt 0.312500 0.000000
vt 0.312500 0.250000
vt 0.625000 0.250000
vt 0.375000 0.250000
vt 0.625000 0.312500
vt 0.625000 0.312500
vt 0.375000 0.312500
vt 0.375000 0.312500
vt 0.625000 0.375000
vt 0.625000 0.375000
vt 0.375000 0.375000
vt 0.375000 0.375000
vt 0.625000 0.437500
vt 0.625000 0.437500
vt 0.375000 0.437500
vt 0.375000 0.437500
vt 0.625000 0.500000
vt 0.375000 0.500000
vt 0.375000 0.000000
vt 0.625000 0.000000
vt 0.625000 0.250000
vt 0.375000 0.250000
vt 0.375000 0.250000
vt 0.625000 0.250000
vt 0.625000 0.500000
vt 0.375000 0.500000
vt 0.375000 0.500000
vt 0.625000 0.500000
vt 0.625000 0.750000
vt 0.375000 0.750000
vt 0.625000 1.000000
vt 0.375000 1.000000
vt 0.875000 0.000000
vt 0.875000 0.250000
vt 0.125000 0.000000
vt 0.125000 0.250000
vt 0.625000 0.250000
vt 0.375000 0.250000
vt 0.625000 0.500000
vt 0.375000 0.500000
vt 0.625000 0.250000
vt 0.375000 0.250000
vt 0.625000 0.500000
vt 0.375000 0.500000
vt 0.625000 0.250000
vt 0.375000 0.250000
vt 0.625000 0.500000
vt 0.375000 0.500000
vt 0.625000 0.250000
vt 0.375000 0.250000
vt 0.625000 0.500000
vt 0.375000 0.500000
vt 0.625000 0.250000
vt 0.375000 0.250000
vt 0.625000 0.500000
vt 0.375000 0.500000
vt 0.625000 0.250000
vt 0.375000 0.250000
vt 0.625000 0.500000
vt 0.375000 0.500000
vt 0.625000 0.250000
vt 0.375000 0.250000
vt 0.625000 0.500000
vt 0.375000 0.500000
vt 0.625000 0.250000
vt 0.375000 0.250000
vt 0.625000 0.500000
vt 0.375000 0.500000
vt 0.375000 0.000000
vt 0.394231 0.000000
vt 0.394231 0.250000
vt 0.375000 0.250000
vt 0.394231 0.000000
vt 0.413462 0.000000
vt 0.413462 0.250000
vt 0.394231 0.250000
vt 0.432692 0.000000
vt 0.432692 0.250000
vt 0.451923 0.000000
vt 0.451923 0.250000
vt 0.471154 0.000000
vt 0.471154 0.250000
vt 0.471154 0.000000
vt 0.490385 0.000000
vt 0.490385 0.250000
vt 0.471154 0.250000
vt 0.490385 0.000000
vt 0.509615 0.000000
vt 0.509615 0.250000
vt 0.490385 0.250000
vt 0.528846 0.000000
vt 0.528846 0.250000
vt 0.548077 0.000000
vt 0.548077 0.250000
vt 0.567308 0.000000
vt 0.567308 0.250000
vt 0.586539 0.000000
vt 0.586539 0.250000
vt 0.605769 0.000000
vt 0.605769 0.250000
vt 0.625000 0.000000
vt 0.625000 0.250000
vt 0.375000 0.250000
vt 0.394231 0.250000
vt 0.394231 0.500000
vt 0.375000 0.500000
vt 0.413462 0.250000
vt 0.413462 0.500000
vt 0.432692 0.250000
vt 0.432692 0.500000
vt 0.451923 0.250000
vt 0.451923 0.500000
vt 0.471154 0.250000
vt 0.471154 0.500000
vt 0.490385 0.250000
vt 0.490385 0.500000
vt 0.509615 0.250000
vt 0.509615 0.500000
vt 0.528846 0.250000
vt 0.528846 0.500000
vt 0.548077 0.250000
vt 0.548077 0.500000
vt 0.567308 0.250000
vt 0.567308 0.500000
vt 0.586539 0.250000
vt 0.586539 0.500000
vt 0.605769 0.250000
vt 0.605769 0.500000
vt 0.625000 0.250000
vt 0.625000 0.500000
vt 0.375000 0.500000
vt 0.394231 0.500000
vt 0.394231 0.750000
vt 0.375000 0.750000
vt 0.394231 0.500000
vt 0.413462 0.500000
vt 0.413462 0.750000
vt 0.394231 0.750000
vt 0.432692 0.500000
vt 0.432692 0.750000
vt 0.451923 0.500000
vt 0.451923 0.750000
vt 0.471154 0.500000
vt 0.471154 0.750000
vt 0.490385 0.500000
vt 0.490385 0.750000
vt 0.509615 0.500000
vt 0.509615 0.750000
vt 0.528846 0.500000
vt 0.528846 0.750000
vt 0.548077 0.500000
vt 0.548077 0.750000
vt 0.567308 0.500000
vt 0.567308 0.750000
vt 0.586539 0.500000
vt 0.586539 0.750000
vt 0.605769 0.500000
vt 0.605769 0.750000
vt 0.625000 0.500000
vt 0.625000 0.750000
vt 0.375000 0.750000
vt 0.394231 1.000000
vt 0.375000 1.000000
vt 0.413462 1.000000
vt 0.432692 1.000000
vt 0.451923 1.000000
vt 0.471154 1.000000
vt 0.490385 1.000000
vt 0.509615 1.000000
vt 0.528846 1.000000
vt 0.548077 1.000000
vt 0.567308 1.000000
vt 0.586539 1.000000
vt 0.605769 1.000000
vt 0.625000 1.000000
vt 0.625000 0.000000
vt 0.875000 0.000000
vt 0.875000 0.250000
vt 0.625000 0.250000
vt 0.125000 0.000000
vt 0.125000 0.250000
vt 0.413462 0.000000
vt 0.432692 0.000000
vt 0.451923 0.000000
vt 0.509615 0.000000
vt 0.528846 0.000000
vt 0.548077 0.000000
vt 0.567308 0.000000
vt 0.586539 0.000000
vt 0.605769 0.000000
vt 0.375000 0.250000
vt 0.375000 0.500000
vt 0.375000 0.500000
vt 0.394231 0.500000
vt 0.413462 0.500000
vt 0.432692 0.500000
vt 0.451923 0.500000
vt 0.471154 0.500000
vt 0.490385 0.500000
vt 0.509615 0.500000
vt 0.528846 0.500000
vt 0.548077 0.500000
vt 0.567308 0.500000
vt 0.586539 0.500000
vt 0.605769 0.500000
vt 0.625000 0.500000
vt 0.394231 0.250000
vt 0.375000 0.250000
vt 0.375000 0.500000
vt 0.394231 0.500000
vt 0.413462 0.250000
vt 0.413462 0.500000
vt 0.432692 0.250000
vt 0.432692 0.500000
vt 0.451923 0.250000
vt 0.451923 0.500000
vt 0.471154 0.250000
vt 0.471154 0.500000
vt 0.490385 0.250000
vt 0.490385 0.500000
vt 0.509615 0.250000
vt 0.509615 0.500000
vt 0.528846 0.250000
vt 0.528846 0.500000
vt 0.548077 0.250000
vt 0.548077 0.500000
vt 0.567308 0.250000
vt 0.567308 0.500000
vt 0.586539 0.250000
vt 0.586539 0.500000
vt 0.605769 0.250000
vt 0.605769 0.500000
vt 0.625000 0.250000
vt 0.625000 0.500000
vt 0.394231 0.250000
vt 0.375000 0.250000
vt 0.394231 0.500000
vt 0.375000 0.500000
vt 0.375000 0.500000
vt 0.394231 0.500000
vt 0.375000 0.500000
vt 0.413462 0.250000
vt 0.394231 0.500000
vt 0.413462 0.500000
vt 0.432692 0.250000
vt 0.432692 0.500000
vt 0.451923 0.250000
vt 0.451923 0.500000
vt 0.471154 0.250000
vt 0.471154 0.500000
vt 0.490385 0.250000
vt 0.490385 0.500000
vt 0.509615 0.250000
vt 0.509615 0.500000
vt 0.528846 0.250000
vt 0.528846 0.500000
vt 0.548077 0.250000
vt 0.548077 0.500000
vt 0.567308 0.250000
vt 0.567308 0.500000
vt 0.586539 0.250000
vt 0.586539 0.500000
vt 0.605769 0.250000
vt 0.605769 0.500000
vt 0.625000 0.250000
vt 0.625000 0.500000
vt 0.375000 0.500000
vt 0.394231 0.500000
vt 0.394231 0.500000
vt 0.375000 0.500000
vt 0.394231 0.750000
vt 0.375000 0.750000
vt 0.375000 0.500000
vt 0.394231 0.500000
vt 0.375000 0.500000
vt 0.394231 0.500000
vt 0.375000 0.500000
vt 0.394231 0.500000
vt 0.394231 0.500000
vt 0.394231 0.750000
vt 0.394231 0.750000
vt 0.394231 0.500000
vt 0.394231 0.500000
vt 0.394231 0.500000
vt 0.394231 0.500000
vt 0.394231 0.500000
vt 0.394231 0.500000
vt 0.394231 0.500000
vn 0.000000 0.000000 1.000000
vn 0.000000 0.000000 1.000000
vn 0.000000 0.000000 1.000000
vn 0.000000 0.000000 1.000000
vn 0.000000 1.000000 0.000000
vn 0.000000 1.000000 0.000000
vn 0.000000 1.000000 0.000000
vn 0.000000 1.000000 0.000000
vn 0.000000 0.000000 -1.000000
vn 0.000000 0.000000 -1.000000
vn 0.000000 0.000000 -1.000000
vn 0.000000 0.000000 -1.000000
vn 0.000000 -1.000000 0.000000
vn 0.000000 -1.000000 0.000000
vn 0.000000 -1.000000 0.000000
vn 0.000000 -1.000000 0.000000
vn 1.000000 0.000000 0.000000
vn 1.000000 0.000000 0.000000
vn 1.000000 0.000000 0.000000
vn 1.000000 0.000000 0.000000
vn -1.000000 0.000000 0.000000
vn -1.000000 0.000000 0.000000
vn -1.000000 0.000000 0.000000
vn -1.000000 0.000000 0.000000
vn 0.000000 0.000000 1.000000
vn 0.000000 0.000000 1.000000
vn 1.000000 0.000000 0.000000
vn 1.000000 0.000000 0.000000
vn 0.000000 0.000000 -1.000000
vn 0.000000 0.000000 -1.000000
vn -1.000000 0.000000 0.000000
vn -1.000000 0.000000 0.000000
vn 0.000000 0.000000 1.000000
vn 0.000000 0.000000 1.000000
vn 1.000000 0.000000 0.000000
vn 1.000000 0.000000 0.000000
vn 0.000000 0.000000 -1.000000
vn 0.000000 0.000000 -1.000000
vn -1.000000 0.000000 0.000000
vn -1.000000 0.000000 0.000000
vn 0.000000 0.000000 1.000000
vn 0.000000 0.000000 1.000000
vn 1.000000 0.000000 0.000000
vn 1.000000 0.000000 0.000000
vn 0.000000 0.000000 -1.000000
vn 0.000000 0.000000 -1.000000
vn -1.000000 0.000000 0.000000
vn -1.000000 0.000000 0.000000
vn 0.000000 0.000000 1.000000
vn 0.000000 0.000000 1.000000
vn 1.000000 0.000000 0.000000
vn 1.000000 0.000000 0.000000
vn 0.000000 0.000000 -1.000000
vn 0.000000 0.000000 -1.000000
vn -1.000000 0.000000 0.000000
vn -1.000000 0.000000 0.000000
vn 0.000000 0.000000 1.000000
vn 0.000000 0.000000 1.000000
vn 1.000000 0.000000 0.000000
vn 1.000000 0.000000 0.000000
vn 0.000000 0.000000 -1.000000
vn 0.000000 0.000000 -1.000000
vn -1.000000 0.000000 0.000000
vn -1.000000 0.000000 0.000000
vn 0.000000 0.000000 1.000000
vn 0.000000 0.000000 1.000000
vn 1.000000 0.000000 0.000000
vn 1.000000 0.000000 0.000000
vn 0.000000 0.000000 -1.000000
vn 0.000000 0.000000 -1.000000
vn -1.000000 0.000000 0.000000
vn -1.000000 0.000000 0.000000
vn 0.000000 0.000000 1.000000
vn 0.000000 0.000000 1.000000
vn 1.000000 0.000000 0.000000
vn 1.000000 0.000000 0.000000
vn 0.000000 0.000000 -1.000000
vn 0.000000 0.000000 -1.000000
vn -1.000000 0.000000 0.000000
vn -1.000000 0.000000 0.000000
vn 0.000000 0.000000 1.000000
vn 0.000000 0.000000 1.000000
vn 1.000000 0.000000 0.000000
vn 1.000000 0.000000 0.000000
vn 0.000000 0.000000 -1.000000
vn 0.000000 0.000000 -1.000000
vn -1.000000 0.000000 0.000000
vn -1.000000 0.000000 0.000000
vn 0.000000 0.000000 1.000000
vn 0.000000 0.000000 1.000000
vn 1.000000 0.000000 0.000000
vn 1.000000 0.000000 0.000000
vn 0.000000 0.000000 -1.000000
vn 0.000000 0.000000 -1.000000
vn -1.000000 0.000000 0.000000
vn -1.000000 0.000000 0.000000
vn 0.000000 0.000000 1.000000
vn 0.000000 0.000000 1.000000
vn 0.000000 0.000000 1.000000
vn 0.000000 0.000000 1.000000
vn 0.000000 1.000000 0.000000
vn 0.000000 1.000000 0.000000
vn 0.000000 1.000000 0.000000
vn 0.000000 1.000000 0.000000
vn 0.000000 0.000000 -1.000000
vn 0.000000 0.000000 -1.000000
vn 0.000000 0.000000 -1.000000
vn 0.000000 0.000000 -1.000000
vn 0.000000 -1.000000 0.000000
vn 0.000000 -1.000000 0.000000
vn 0.000000 -1.000000 0.000000
vn 0.000000 -1.000000 0.000000
vn 1.000000 0.000000 0.000000
vn 1.000000 0.000000 0.000000
vn 1.000000 0.000000 0.000000
vn 1.000000 0.000000 0.000000
vn -1.000000 0.000000 0.000000
vn -1.000000 0.000000 0.000000
vn -1.000000 0.000000 0.000000
vn -1.000000 0.000000 0.000000
vn 0.000000 0.000000 1.000000
vn 0.000000 0.000000 1.000000
vn 1.000000 0.000000 0.000000
vn 1.000000 0.000000 0.000000
vn 0.000000 0.000000 -1.000000
vn 0.000000 0.000000 -1.000000
vn -1.000000 0.000000 0.000000
vn -1.000000 0.000000 0.000000
vn 0.000000 0.000000 1.000000
vn 0.000000 0.000000 1.000000
vn 1.000000 0.000000 0.000000
vn 1.000000 0.000000 0.000000
vn 0.000000 0.000000 -1.000000
vn 0.000000 0.000000 -1.000000
vn -1.000000 0.000000 0.000000
vn -1.000000 0.000000 0.000000
vn 0.000000 0.000000 1.000000
vn 0.000000 0.000000 1.000000
vn 1.000000 0.000000 0.000000
vn 1.000000 0.000000 0.000000
vn 0.000000 0.000000 -1.000000
vn 0.000000 0.000000 -1.000000
vn -1.000000 0.000000 0.000000
vn -1.000000 0.000000 0.000000
vn 0.000000 0.000000 1.000000
vn 0.000000 0.000000 1.000000
vn 1.000000 0.000000 0.000000
vn 1.000000 0.000000 0.000000
vn 0.000000 0.000000 -1.000000
vn 0.000000 0.000000 -1.000000
vn -1.000000 0.000000 0.000000
vn -1.000000 0.000000 0.000000
vn 0.000000 0.000000 1.000000
vn 0.000000 0.000000 1.000000
vn 1.000000 0.000000 0.000000
vn 1.000000 0.000000 0.000000
vn 0.000000 0.000000 -1.000000
vn 0.000000 0.000000 -1.000000
vn -1.000000 0.000000 0.000000
vn -1.000000 0.000000 0.000000
vn 0.000000 0.000000 1.000000
vn 0.000000 0.000000 1.000000
vn 1.000000 0.000000 0.000000
vn 1.000000 0.000000 0.000000
vn 0.000000 0.000000 -1.000000
vn 0.000000 0.000000 -1.000000
vn -1.000000 0.000000 0.000000
vn -1.000000 0.000000 0.000000
vn 0.000000 0.000000 1.000000
vn 0.000000 0.000000 1.000000
vn 1.000000 0.000000 0.000000
vn 1.000000 0.000000 0.000000
vn 0.000000 0.000000 -1.000000
vn 0.000000 0.000000 -1.000000
vn -1.000000 0.000000 0.000000
vn -1.000000 0.000000 0.000000
vn 0.000000 0.000000 1.000000
vn 0.000000 0.000000 1.000000
vn 1.000000 0.000000 0.000000
vn 1.000000 0.000000 0.000000
vn 0.000000 0.000000 -1.000000
vn 0.000000 0.000000 -1.000000
vn -1.000000 0.000000 0.000000
vn -1.000000 0.000000 0.000000
vn 0.000000 0.000000 1.000000
vn 0.000000 0.000000 1.000000
vn 1.000000 0.000000 0.000000
vn 1.000000 0.000000 0.000000
vn 0.000000 0.000000 -1.000000
vn 0.000000 0.000000 -1.000000
vn -1.000000 0.000000 0.000000
vn -1.000000 0.000000 0.000000
vn 0.000000 0.000000 1.000000
vn 0.000000 0.000000 1.000000
vn 0.000000 0.000000 1.000000
vn 0.000000 0.000000 1.000000
vn 0.000000 1.000000 0.000000
vn 0.000000 1.000000 0.000000
vn 0.000000 1.000000 0.000000
vn 0.000000 1.000000 0.000000
vn 0.000000 1.000000 0.000000
vn 0.000000 1.000000 0.000000
vn 0.000000 1.000000 0.000000
vn 0.000000 1.000000 0.000000
vn 0.000000 1.000000 0.000000
vn 0.000000 1.000000 0.000000
vn 0.000000 0.000000 -1.000000
vn 0.000000 0.000000 -1.000000
vn 0.000000 0.000000 -1.000000
vn 0.000000 0.000000 -1.000000
vn 0.000000 -1.000000 0.000000
vn 0.000000 -1.000000 0.000000
vn 0.000000 -1.000000 0.000000
vn 0.000000 -1.000000 0.000000
vn 0.000000 -1.000000 0.000000
vn 0.000000 -1.000000 0.000000
vn 0.000000 -1.000000 0.000000
vn 0.000000 -1.000000 0.000000
vn 0.000000 -1.000000 0.000000
vn 0.000000 -1.000000 0.000000
vn 1.000000 0.000000 0.000000
vn 1.000000 0.000000 0.000000
vn 1.000000 0.000000 0.000000
vn 1.000000 0.000000 0.000000
vn 1.000000 0.000000 0.000000
vn 1.000000 0.000000 0.000000
vn 1.000000 0.000000 0.000000
vn 1.000000 0.000000 0.000000
vn 1.000000 0.000000 0.000000
vn 1.000000 0.000000 0.000000
vn -1.000000 0.000000 0.000000
vn -1.000000 0.000000 0.000000
vn -1.000000 0.000000 0.000000
vn -1.000000 0.000000 0.000000
vn -1.000000 0.000000 0.000000
vn -1.000000 0.000000 0.000000
vn -1.000000 0.000000 0.000000
vn -1.000000 0.000000 0.000000
vn -1.000000 0.000000 0.000000
vn -1.000000 0.000000 0.000000
vn 0.000000 0.000000 1.000000
vn 0.000000 0.000000 1.000000
vn 1.000000 0.000000 0.000000
vn 1.000000 0.000000 0.000000
vn -1.000000 0.000000 0.000000
vn -1.000000 0.000000 0.000000
vn 1.000000 0.000000 0.000000
vn -1.000000 0.000000 0.000000
vn 1.000000 0.000000 0.000000
vn -1.000000 0.000000 0.000000
vn 1.000000 0.000000 0.000000
vn 0.000000 0.000000 -1.000000
vn 0.000000 0.000000 -1.000000
vn -1.000000 0.000000 0.000000
vn 0.000000 0.000000 1.000000
vn 0.000000 0.000000 1.000000
vn 1.000000 0.000000 0.000000
vn 1.000000 0.000000 0.000000
vn -1.000000 0.000000 0.000000
vn -1.000000 0.000000 0.000000
vn 1.000000 0.000000 0.000000
vn -1.000000 0.000000 0.000000
vn 1.000000 0.000000 0.000000
vn -1.000000 0.000000 0.000000
vn 1.000000 0.000000 0.000000
vn 0.000000 0.000000 -1.000000
vn 0.000000 0.000000 -1.000000
vn -1.000000 0.000000 0.000000
vn 0.000000 0.000000 1.000000
vn 0.000000 0.000000 1.000000
vn 0.000000 0.000000 1.000000
vn 0.000000 0.000000 1.000000
vn 0.000000 1.000000 0.000000
vn 0.000000 1.000000 0.000000
vn 0.000000 1.000000 0.000000
vn 0.000000 1.000000 0.000000
vn 0.000000 0.000000 -1.000000
vn 0.000000 0.000000 -1.000000
vn 0.000000 0.000000 -1.000000
vn 0.000000 0.000000 -1.000000
vn 0.000000 -1.000000 0.000000
vn 0.000000 -1.000000 0.000000
vn 0.000000 -1.000000 0.000000
vn 0.000000 -1.000000 0.000000
vn 1.000000 0.000000 0.000000
vn 1.000000 0.000000 0.000000
vn 1.000000 0.000000 0.000000
vn 1.000000 0.000000 0.000000
vn -1.000000 0.000000 0.000000
vn -1.000000 0.000000 0.000000
vn -1.000000 0.000000 0.000000
vn -1.000000 0.000000 0.000000
vn 0.000000 0.000000 1.000000
vn 0.000000 0.000000 1.000000
vn 1.000000 0.000000 0.000000
vn 1.000000 0.000000 0.000000
vn 0.000000 0.000000 -1.000000
vn 0.000000 0.000000 -1.000000
vn -1.000000 0.000000 0.000000
vn -1.000000 0.000000 0.000000
vn 0.000000 0.000000 1.000000
vn 0.000000 0.000000 1.000000
vn 1.000000 0.000000 0.000000
vn 1.000000 0.000000 0.000000
vn 0.000000 0.000000 -1.000000
vn 0.000000 0.000000 -1.000000
vn -1.000000 0.000000 0.000000
vn -1.000000 0.000000 0.000000
vn 0.000000 0.000000 1.000000
vn 0.000000 0.000000 1.000000
vn 1.000000 0.000000 0.000000
vn 1.000000 0.000000 0.000000
vn 0.000000 0.000000 -1.000000
vn 0.000000 0.000000 -1.000000
vn -1.000000 0.000000 0.000000
vn -1.000000 0.000000 0.000000
vn 0.000000 0.000000 1.000000
vn 0.000000 0.000000 1.000000
vn 1.000000 0.000000 0.000000
vn 1.000000 0.000000 0.000000
vn 0.000000 0.000000 -1.000000
vn 0.000000 0.000000 -1.000000
vn -1.000000 0.000000 0.000000
vn -1.000000 0.000000 0.000000
vn 0.000000 0.000000 1.000000
vn 0.000000 0.000000 1.000000
vn 1.000000 0.000000 0.000000
vn 1.000000 0.000000 0.000000
vn 0.000000 0.000000 -1.000000
vn 0.000000 0.000000 -1.000000
vn -1.000000 0.000000 0.000000
vn -1.000000 0.000000 0.000000
vn 0.000000 0.000000 1.000000
vn 0.000000 0.000000 1.000000
vn 1.000000 0.000000 0.000000
vn 1.000000 0.000000 0.000000
vn 0.000000 0.000000 -1.000000
vn 0.000000 0.000000 -1.000000
vn -1.000000 0.000000 0.000000
vn -1.000000 0.000000 0.000000
vn 0.000000 0.000000 1.000000
vn 0.000000 0.000000 1.000000
vn 1.000000 0.000000 0.000000
vn 1.000000 0.000000 0.000000
vn 0.000000 0.000000 -1.000000
vn 0.000000 0.000000 -1.000000
vn -1.000000 0.000000 0.000000
vn -1.000000 0.000000 0.000000
vn 0.000000 0.000000 1.000000
vn 0.000000 0.000000 1.000000
vn 1.000000 0.000000 0.000000
vn 1.000000 0.000000 0.000000
vn 0.000000 0.000000 -1.000000
vn 0.000000 0.000000 -1.000000
vn -1.000000 0.000000 0.000000
vn -1.000000 0.000000 0.000000
vn 0.000000 0.000000 1.000000
vn 0.000000 0.000000 1.000000
vn 1.000000 0.000000 0.000000
vn 1.000000 0.000000 0.000000
vn 0.000000 0.000000 -1.000000
vn 0.000000 0.000000 -1.000000
vn -1.000000 0.000000 0.000000
vn -1.000000 0.000000 0.000000
vn 0.000000 0.000000 1.000000
vn 0.000000 0.000000 1.000000
vn 0.000000 0.000000 1.000000
vn 0.000000 0.000000 1.000000
vn 0.000000 0.000000 1.000000
vn 0.000000 0.000000 1.000000
vn 0.000000 0.000000 1.000000
vn 0.000000 0.000000 1.000000
vn 0.000000 0.000000 1.000000
vn 0.000000 0.000000 1.000000
vn 0.000000 0.000000 1.000000
vn 0.000000 0.000000 1.000000
vn 0.000000 0.000000 1.000000
vn 0.000000 0.000000 1.000000
vn 0.000000 0.000000 1.000000
vn 0.000000 0.000000 1.000000
vn 0.000000 0.000000 1.000000
vn 0.000000 0.000000 1.000000
vn 0.000000 0.000000 1.000000
vn 0.000000 0.000000 1.000000
vn 0.000000 0.000000 1.000000
vn 0.000000 0.000000 1.000000
vn 0.000000 0.000000 1.000000
vn 0.000000 0.000000 1.000000
vn 0.000000 0.000000 1.000000
vn 0.000000 0.000000 1.000000
vn 0.000000 0.000000 1.000000
vn 0.000000 0.000000 1.000000
vn 0.000000 0.000000 1.000000
vn 0.000000 0.000000 1.000000
vn 0.000000 0.000000 1.000000
vn 0.000000 0.000000 1.000000
vn 0.000000 0.000000 1.000000
vn 0.000000 0.000000 1.000000
vn 0.000000 1.000000 0.000000
vn 0.000000 1.000000 0.000000
vn 0.000000 1.000000 0.000000
vn 0.000000 1.000000 0.000000
vn 0.000000 1.000000 0.000000
vn 0.000000 1.000000 0.000000
vn 0.000000 1.000000 0.000000
vn 0.000000 1.000000 0.000000
vn 0.000000 1.000000 0.000000
vn 0.000000 1.000000 0.000000
vn 0.000000 1.000000 0.000000
vn 0.000000 1.000000 0.000000
vn 0.000000 1.000000 0.000000
vn 0.000000 1.000000 0.000000
vn 0.000000 1.000000 0.000000
vn 0.000000 1.000000 0.000000
vn 0.000000 1.000000 0.000000
vn 0.000000 1.000000 0.000000
vn 0.000000 1.000000 0.000000
vn 0.000000 1.000000 0.000000
vn 0.000000 1.000000 0.000000
vn 0.000000 1.000000 0.000000
vn 0.000000 1.000000 0.000000
vn 0.000000 1.000000 0.000000
vn 0.000000 1.000000 0.000000
vn 0.000000 1.000000 0.000000
vn 0.000000 1.000000 0.000000
vn 0.000000 1.000000 0.000000
vn 0.000000 0.000000 -1.000000
vn 0.000000 0.000000 -1.000000
vn 0.000000 0.000000 -1.000000
vn 0.000000 0.000000 -1.000000
vn 0.000000 0.000000 -1.000000
vn 0.000000 0.000000 -1.000000
vn 0.000000 0.000000 -1.000000
vn 0.000000 0.000000 -1.000000
vn 0.000000 0.000000 -1.000000
vn 0.000000 0.000000 -1.000000
vn 0.000000 0.000000 -1.000000
vn 0.000000 0.000000 -1.000000
vn 0.000000 0.000000 -1.000000
vn 0.000000 0.000000 -1.000000
vn 0.000000 0.000000 -1.000000
vn 0.000000 0.000000 -1.000000
vn 0.000000 0.000000 -1.000000
vn 0.000000 0.000000 -1.000000
vn 0.000000 0.000000 -1.000000
vn 0.000000 0.000000 -1.000000
vn 0.000000 0.000000 -1.000000
vn 0.000000 0.000000 -1.000000
vn 0.000000 0.000000 -1.000000
vn 0.000000 0.000000 -1.000000
vn 0.000000 0.000000 -1.000000
vn 0.000000 0.000000 -1.000000
vn 0.000000 0.000000 -1.000000
vn 0.000000 0.000000 -1.000000
vn 0.000000 0.000000 -1.000000
vn 0.000000 0.000000 -1.000000
vn 0.000000 -1.000000 0.000000
vn 0.000000 -1.000000 0.000000
vn 0.000000 -1.000000 0.000000
vn 0.000000 -1.000000 0.000000
vn 0.000000 -1.000000 0.000000
vn 0.000000 -1.000000 0.000000
vn 0.000000 -1.000000 0.000000
vn 0.000000 -1.000000 0.000000
vn 0.000000 -1.000000 0.000000
vn 0.000000 -1.000000 0.000000
vn 0.000000 -1.000000 0.000000
vn 0.000000 -1.000000 0.000000
vn 0.000000 -1.000000 0.000000
vn 0.000000 -1.000000 0.000000
vn 0.000000 -1.000000 0.000000
vn 0.000000 -1.000000 0.000000
vn 0.000000 -1.000000 0.000000
vn 0.000000 -1.000000 0.000000
vn 0.000000 -1.000000 0.000000
vn 0.000000 -1.000000 0.000000
vn 0.000000 -1.000000 0.000000
vn 0.000000 -1.000000 0.000000
vn 0.000000 -1.000000 0.000000
vn 0.000000 -1.000000 0.000000
vn 0.000000 -1.000000 0.000000
vn 0.000000 -1.000000 0.000000
vn 0.000000 -1.000000 0.000000
vn 0.000000 -1.000000 0.000000
vn 1.000000 0.000000 0.000000
vn 1.000000 0.000000 0.000000
vn 1.000000 0.000000 0.000000
vn 1.000000 0.000000 0.000000
vn -1.000000 0.000000 0.000000
vn -1.000000 0.000000 0.000000
vn -1.000000 0.000000 0.000000
vn -1.000000 0.000000 0.000000
vn 0.000000 0.000000 0.000000
vn 0.000000 0.000000 0.000000
vn 0.000000 0.000000 0.000000
vn 0.000000 0.000000 0.000000
vn 0.000000 0.000000 0.000000
vn 0.000000 0.000000 0.000000
vn 0.000000 0.000000 0.000000
vn 0.000000 0.000000 0.000000
vn 0.000000 0.000000 0.000000
vn 0.000000 0.000000 0.000000
vn 0.000000 0.000000 0.000000
vn 0.000000 0.000000 0.000000
vn 0.000000 0.000000 0.000000
vn 0.000000 0.000000 0.000000
vn 0.000000 0.000000 0.000000
vn 0.000000 0.000000 0.000000
vn 0.000000 0.000000 0.000000
vn 0.000000 0.000000 0.000000
vn 0.000000 0.000000 0.000000
vn 0.000000 0.000000 0.000000
vn 0.000000 0.000000 0.000000
vn 0.000000 0.000000 0.000000
vn 0.000000 0.000000 0.000000
vn 0.000000 0.000000 0.000000
vn 0.000000 0.000000 0.000000
vn 0.000000 0.000000 0.000000
vn 0.000000 0.000000 0.000000
vn 0.000000 0.000000 0.000000
vn 0.000000 0.000000 0.000000
vn 0.000000 0.000000 0.000000
vn 0.000000 0.000000 0.000000
vn 0.000000 0.000000 0.000000
vn 0.000000 0.000000 0.000000
vn 0.000000 0.000000 0.000000
vn 0.000000 0.000000 0.000000
vn 0.000000 0.000000 0.000000
vn 0.000000 0.000000 0.000000
vn 0.000000 0.000000 0.000000
vn 0.000000 0.000000 0.000000
vn 0.000000 0.000000 0.000000
vn 0.000000 0.000000 0.000000
vn 0.000000 0.000000 0.000000
vn 0.000000 0.000000 0.000000
vn 0.000000 0.000000 0.000000
vn 0.000000 0.000000 0.000000
vn 0.000000 0.000000 0.000000
vn 0.000000 0.000000 0.000000
vn 0.000000 0.000000 0.000000
vn 0.000000 0.000000 0.000000
vn 0.000000 0.000000 0.000000
vn 0.000000 0.000000 0.000000
vn 0.000000 0.000000 0.000000
vn 0.000000 0.000000 0.000000
vn 0.000000 0.000000 0.000000
vn 0.000000 0.000000 0.000000
vn 0.000000 0.000000 0.000000
vn 0.000000 0.000000 0.000000
vn 0.000000 0.000000 0.000000
vn 0.000000 0.000000 0.000000
vn 0.000000 0.000000 0.000000
vn 0.000000 0.000000 0.000000
vn 0.000000 0.000000 0.000000
vn 0.000000 0.000000 0.000000
vn 0.000000 0.000000 0.000000
vn 0.000000 0.000000 0.000000
vn 0.000000 0.000000 0.000000
vn 0.000000 0.000000 0.000000
vn 0.000000 0.000000 0.000000
vn 0.000000 0.000000 0.000000
vn 0.000000 0.000000 0.000000
vn 0.000000 0.000000 0.000000
vn 0.000000 0.000000 0.000000
vn 0.000000 0.000000 0.000000
vn 0.000000 0.000000 0.000000
vn 0.000000 0.000000 0.000000
vn 0.000000 0.000000 0.000000
vn 0.000000 0.000000 0.000000
vn 0.000000 0.000000 0.000000
vn 0.000000 0.000000 0.000000
vn 0.000000 0.000000 0.000000
vn 0.000000 0.000000 0.000000
vn 0.000000 0.000000 0.000000
vn 0.000000 0.000000 0.000000
vn 0.000000 0.000000 0.000000
vn 0.000000 0.000000 0.000000
vn 0.000000 0.000000 0.000000
vn 0.000000 0.000000 0.000000
vn 0.000000 0.000000 0.000000
vn 0.000000 0.000000 0.000000
vn 0.000000 0.000000 0.000000
vn 0.000000 0.000000 0.000000
vn 0.000000 0.000000 0.000000
vn 0.000000 0.000000 0.000000
vn 0.000000 0.000000 0.000000
vn 0.000000 0.000000 0.000000
vn 0.000000 0.000000 0.000000
vn 0.000000 0.000000 0.000000
vn 0.000000 0.000000 0.000000
vn 0.000000 0.000000 0.000000
vn 0.000000 0.000000 0.000000
vn 0.000000 0.000000 0.000000
vn 0.000000 0.000000 0.000000
vn 0.000000 0.000000 0.000000
vn 0.000000 0.000000 0.000000
vn 0.000000 0.000000 0.000000
vn 0.000000 0.000000 0.000000
vn 0.000000 0.000000 0.000000
vn 0.000000 0.000000 0.000000
vn 0.000000 0.000000 0.000000
vn 0.000000 0.000000 0.000000
vn 0.000000 0.000000 0.000000
vn 0.000000 0.000000 0.000000
vn 0.000000 0.000000 0.000000
vn 0.000000 0.000000 0.000000
vn 0.000000 0.000000 0.000000
vn 0.000000 0.000000 0.000000
vn 0.000000 0.000000 0.000000
vn 0.000000 0.000000 0.000000
vn 0.000000 0.000000 0.000000
vn 0.000000 0.000000 0.000000
vn 0.000000 0.000000 0.000000
vn 0.000000 0.000000 0.000000
vn 0.000000 0.000000 0.000000
vn 0.000000 0.000000 0.000000
vn 0.000000 0.000000 0.000000
vn 0.000000 0.000000 0.000000
vn 0.000000 0.000000 0.000000
vn 0.000000 0.000000 0.000000
vn 0.000000 0.000000 0.000000
vn 0.000000 0.000000 0.000000
vn 0.000000 0.000000 0.000000
vn 0.000000 0.000000 0.000000
vn 0.000000 0.000000 0.000000
vn 0.000000 0.000000 0.000000
vn 0.000000 0.000000 0.000000
vn 0.000000 0.000000 0.000000
vn 0.000000 0.000000 0.000000
vn 0.000000 0.000000 0.000000
vn 0.000000 0.000000 0.000000
vn 0.000000 0.000000 0.000000
vn 0.000000 0.000000 0.000000
vn 0.000000 0.000000 0.000000
vn 0.000000 0.000000 0.000000
vn 0.000000 0.000000 0.000000
vn 0.000000 0.000000 0.000000
vn 0.000000 0.000000 0.000000
vn 0.000000 0.000000 0.000000
vn 0.000000 0.000000 0.000000
vn 0.000000 0.000000 0.000000
vn 0.000000 0.000000 0.000000
vn 0.000000 0.000000 0.000000
vn 0.000000 0.000000 0.000000
vn 0.000000 0.000000 0.000000
vn 0.000000 0.000000 0.000000
vn 0.000000 0.000000 0.000000
vn 0.000000 0.000000 0.000000
vn 0.000000 0.000000 0.000000
vn 0.000000 0.000000 0.000000
vn 0.000000 0.000000 0.000000
vn 0.000000 0.000000 0.000000
vn 0.000000 0.000000 0.000000
vn 0.000000 0.000000 0.000000
vn 0.000000 0.000000 0.000000
vn 0.000000 0.000000 0.000000
vn 0.000000 0.000000 0.000000
vn 0.000000 0.000000 0.000000
vn 0.000000 0.000000 0.000000
vn 0.000000 0.000000 0.000000
vn 0.000000 0.000000 0.000000
vn 0.000000 0.000000 0.000000
vn 0.000000 0.000000 0.000000
vn 0.000000 0.000000 0.000000
vn 0.000000 0.000000 0.000000
vn 0.000000 0.000000 0.000000
vn 0.000000 0.000000 0.000000
vn 0.000000 0.000000 0.000000
vn 0.000000 0.000000 0.000000
vn 0.000000 0.000000 0.000000
vn 0.000000 0.000000 0.000000
vn 0.000000 0.000000 0.000000
vn 0.000000 0.000000 0.000000
vn 0.000000 0.000000 0.000000
vn 0.000000 0.000000 0.000000
vn 0.000000 0.000000 0.000000
vn 0.000000 0.000000 0.000000
vn 0.000000 0.000000 0.000000
vn 0.000000 0.000000 0.000000
vn 0.000000 0.000000 0.000000
vn 0.000000 0.000000 0.000000
vn 0.000000 0.000000 0.000000
vn 0.000000 0.000000 0.000000
vn 0.000000 0.000000 0.000000
vn 0.000000 0.000000 0.000000
vn 0.000000 0.000000 0.000000
vn 0.000000 0.000000 0.000000
vn 0.000000 0.000000 0.000000
vn 0.000000 0.000000 0.000000
vn 0.000000 0.000000 0.000000
vn 0.000000 0.000000 0.000000
vn 0.000000 0.000000 0.000000
vn 0.000000 0.000000 0.000000
vn 0.000000 0.000000 0.000000
vn 0.000000 0.000000 0.000000
vn 0.000000 0.000000 0.000000
vn 0.000000 0.000000 0.000000
vn 0.000000 0.000000 0.000000
vn 0.000000 0.000000 0.000000
vn 0.000000 0.000000 0.000000
vn 0.000000 0.000000 0.000000
vn 0.000000 0.000000 0.000000
vn 0.000000 0.000000 0.000000
vn 0.000000 0.000000 0.000000
vn 0.000000 0.000000 0.000000
vn 0.000000 0.000000 0.000000
vn 0.000000 0.000000 0.000000
vn 0.000000 0.000000 0.000000
vn 0.000000 0.000000 0.000000
vn 0.000000 0.000000 0.000000
vn 0.000000 0.000000 0.000000
vn 0.000000 0.000000 0.000000
vn 0.000000 0.000000 0.000000
vn 0.000000 0.000000 0.000000
vn 0.000000 0.000000 0.000000
vn 0.000000 0.000000 0.000000
vn 0.000000 0.000000 0.000000
vn 0.000000 0.000000 0.000000
vn 0.000000 0.000000 0.000000
vn 0.000000 0.000000 0.000000
vn 0.000000 0.000000 0.000000
vn 0.000000 0.000000 0.000000
vn 0.000000 0.000000 0.000000
vn 0.000000 0.000000 0.000000
vn 0.000000 0.000000 0.000000
vn 0.000000 0.000000 0.000000
vn 0.000000 0.000000 0.000000
vn 0.000000 0.000000 0.000000
vn 0.000000 0.000000 0.000000
vn 0.000000 0.000000 0.000000
vn 0.000000 0.000000 0.000000
vn 0.000000 0.000000 0.000000
vn 0.000000 0.000000 1.000000
vn 0.000000 0.000000 1.000000
vn 0.000000 0.000000 1.000000
vn 0.000000 0.000000 1.000000
vn 0.000000 0.000000 -1.000000
vn 0.000000 0.000000 -1.000000
vn 0.000000 0.000000 -1.000000
vn 0.000000 0.000000 -1.000000
vn -1.000000 0.000000 0.000000
vn -1.000000 0.000000 0.000000
vn -1.000000 0.000000 0.000000
vn -1.000000 0.000000 0.000000
vn 0.000000 0.000000 1.000000
vn 0.000000 0.000000 1.000000
vn 0.000000 0.000000 -1.000000
vn 0.000000 0.000000 -1.000000
vn 0.000000 0.000000 -1.000000
vn 0.000000 0.000000 -1.000000
vn 0.000000 0.000000 1.000000
vn 0.000000 0.000000 1.000000
vn 0.000000 0.000000 -1.000000
vn 0.000000 0.000000 -1.000000
vn 0.000000 0.000000 1.000000
vn 0.000000 0.000000 1.000000
vn 0.000000 0.000000 -1.000000
vn 0.000000 0.000000 -1.000000
vn 0.000000 0.000000 1.000000
vn 0.000000 0.000000 1.000000
vn 0.000000 0.000000 -1.000000
vn 0.000000 0.000000 -1.000000
vn 0.000000 0.000000 1.000000
vn 0.000000 0.000000 1.000000
vn 0.000000 0.000000 -1.000000
vn 0.000000 0.000000 -1.000000
vn 0.000000 0.000000 1.000000
vn 0.000000 0.000000 1.000000
vn 0.000000 0.000000 -1.000000
vn 0.000000 0.000000 -1.000000
vn 0.000000 0.000000 1.000000
vn 0.000000 0.000000 1.000000
vn 0.000000 0.000000 -1.000000
vn 0.000000 0.000000 -1.000000
vn 0.000000 0.000000 1.000000
vn 0.000000 0.000000 1.000000
vn 0.000000 0.000000 -1.000000
vn 0.000000 0.000000 -1.000000
vn 0.000000 0.000000 1.000000
vn 0.000000 0.000000 1.000000
vn 0.000000 0.000000 -1.000000
vn 0.000000 0.000000 -1.000000
vn 0.000000 0.000000 1.000000
vn 0.000000 0.000000 1.000000
vn 0.000000 0.000000 -1.000000
vn 0.000000 0.000000 -1.000000
vn 0.000000 0.000000 1.000000
vn 0.000000 0.000000 1.000000
vn 0.000000 0.000000 -1.000000
vn 0.000000 0.000000 -1.000000
vn 0.000000 0.000000 1.000000
vn 0.000000 0.000000 1.000000
vn 1.000000 0.000000 0.000000
vn 1.000000 0.000000 0.000000
vn 1.000000 0.000000 0.000000
vn 1.000000 0.000000 0.000000
vn 0.000000 0.000000 -1.000000
vn 0.000000 0.000000 -1.000000
vn 0.000000 0.000000 1.000000
vn 0.000000 0.000000 1.000000
vn 0.000000 0.000000 -1.000000
vn 0.000000 0.000000 -1.000000
vn -1.000000 0.000000 0.000000
vn -1.000000 0.000000 0.000000
vn 0.000000 0.000000 1.000000
vn 0.000000 0.000000 -1.000000
vn 0.000000 0.000000 -1.000000
vn 0.000000 0.000000 1.000000
vn 0.000000 0.000000 -1.000000
vn 0.000000 0.000000 1.000000
vn 0.000000 0.000000 -1.000000
vn 0.000000 0.000000 1.000000
vn 0.000000 0.000000 -1.000000
vn 0.000000 0.000000 1.000000
vn 0.000000 0.000000 -1.000000
vn 0.000000 0.000000 1.000000
vn 0.000000 0.000000 -1.000000
vn 0.000000 0.000000 1.000000
vn 0.000000 0.000000 -1.000000
vn 0.000000 0.000000 1.000000
vn 0.000000 0.000000 -1.000000
vn 0.000000 0.000000 1.000000
vn 0.000000 0.000000 -1.000000
vn 0.000000 0.000000 1.000000
vn 0.000000 0.000000 -1.000000
vn 0.000000 0.000000 1.000000
vn 0.000000 0.000000 -1.000000
vn 0.000000 0.000000 1.000000
vn 1.000000 0.000000 0.000000
vn 1.000000 0.000000 0.000000
vn 0.000000 0.000000 -1.000000
vn 0.000000 0.000000 0.000000
vn 0.000000 0.000000 0.000000
vn 0.000000 0.000000 0.000000
vn 0.000000 0.000000 0.000000
vn 0.000000 0.000000 0.000000
vn 0.000000 0.000000 0.000000
vn 0.000000 0.000000 0.000000
vn 0.000000 0.000000 0.000000
vn 0.000000 0.000000 0.000000
vn 0.000000 0.000000 0.000000
vn 0.000000 0.000000 0.000000
vn 0.000000 0.000000 0.000000
vn 0.000000 0.000000 0.000000
vn 0.000000 0.000000 0.000000
vn 0.000000 0.000000 0.000000
vn 0.000000 0.000000 0.000000
vn 0.000000 0.000000 0.000000
vn 0.000000 0.000000 0.000000
vn 0.000000 0.000000 0.000000
vn 0.000000 0.000000 0.000000
vn 0.000000 0.000000 0.000000
vn 0.000000 0.000000 0.000000
vn 0.000000 0.000000 0.000000
vn 0.000000 0.000000 0.000000
vn 0.000000 0.000000 0.000000
vn 0.000000 0.000000 0.000000
vn 0.000000 0.000000 0.000000
vn 0.000000 0.000000 0.000000
vn 0.000000 0.000000 0.000000
vn 0.000000 0.000000 0.000000
vn 0.000000 0.000000 0.000000
vn 0.000000 0.000000 0.000000
vn 0.000000 0.000000 0.000000
vn 0.000000 0.000000 0.000000
vn 0.000000 0.000000 0.000000
vn 0.000000 0.000000 0.000000
vn 0.000000 0.000000 0.000000
vn 0.000000 0.000000 0.000000
vn 0.000000 0.000000 0.000000
vn 0.000000 0.000000 0.000000
vn 0.000000 1.000000 0.000000
vn 0.000000 1.000000 0.000000
vn 0.000000 1.000000 0.000000
vn 0.000000 1.000000 0.000000
vn 1.000000 0.000000 0.000000
vn 1.000000 0.000000 0.000000
vn 1.000000 0.000000 0.000000
vn 1.000000 0.000000 0.000000
vn 0.000000 -1.000000 0.000000
vn 0.000000 -1.000000 0.000000
vn 0.000000 -1.000000 0.000000
vn 0.000000 -1.000000 0.000000
vn -1.000000 0.000000 0.000000
vn -1.000000 0.000000 0.000000
vn -1.000000 0.000000 0.000000
vn -1.000000 0.000000 0.000000
vn 0.000000 -1.000000 0.000000
vn 0.000000 -1.000000 0.000000
vn 0.000000 -1.000000 0.000000
vn 0.000000 -1.000000 0.000000
vn -1.000000 0.000000 0.000000
vn -1.000000 0.000000 0.000000
vn -1.000000 0.000000 0.000000
vn -1.000000 0.000000 0.000000
vn 1.000000 0.000000 0.000000
vn 1.000000 0.000000 0.000000
vn 1.000000 0.000000 0.000000
vn 1.000000 0.000000 0.000000
vn -1.000000 0.000000 0.000000
vn -1.000000 0.000000 0.000000
vn 0.000000 1.000000 0.000000
vn 0.000000 1.000000 0.000000
vn 0.000000 1.000000 0.000000
vn 0.000000 1.000000 0.000000
vn 1.000000 0.000000 0.000000
vn 1.000000 0.000000 0.000000
vn 0.000000 0.000000 1.000000
vn 0.000000 0.000000 1.000000
vn 0.000000 0.000000 1.000000
vn 0.000000 0.000000 1.000000
vn 0.000000 -1.000000 0.000000
vn 0.000000 -1.000000 0.000000
vn 0.000000 0.000000 -1.000000
vn 0.000000 0.000000 -1.000000
vn 0.000000 1.000000 0.000000
vn 0.000000 1.000000 0.000000
vn 0.000000 0.000000 1.000000
vn 0.000000 0.000000 1.000000
vn 0.000000 0.000000 1.000000
vn 0.000000 0.000000 1.000000
vn 0.000000 -1.000000 0.000000
vn 0.000000 -1.000000 0.000000
vn 0.000000 0.000000 -1.000000
vn 0.000000 0.000000 -1.000000
vn 0.000000 0.000000 1.000000
vn 0.000000 0.000000 1.000000
vn 0.000000 0.000000 -1.000000
vn 0.000000 1.000000 0.000000
vn 0.000000 1.000000 0.000000
s 1
g polySurface6
usemtl initialShadingGroup
f 353/419/637 354/420/638 356/421/639 355/422/640
s off
f 393/423/641 394/424/642 395/425/643 396/426/644
s 2
f 357/427/645 358/428/646 360/429/647 359/430/648
s off
f 359/430/649 360/429/650 354/431/651 353/432/652
s 3
f 354/420/653 360/433/654 358/434/655 356/421/656
s 4
f 359/435/657 353/419/658 355/422/659 357/436/660
s 1
f 355/422/640 356/421/639 362/437/661 361/438/662
s 3
f 356/421/656 358/428/655 363/439/663 362/437/664
s 2
f 358/428/646 357/427/645 364/440/665 363/439/666
s 4
f 357/427/660 355/422/659 361/438/667 364/440/668
s 1
f 361/438/662 362/437/661 366/441/669 365/442/670
s 3
f 362/437/664 363/439/663 367/443/671 366/441/672
s 2
f 363/439/666 364/440/665 368/444/673 367/443/674
s 4
f 364/440/668 361/438/667 365/442/675 368/444/676
s 1
f 365/442/670 366/441/669 370/445/677 369/446/678
s 3
f 366/441/672 367/443/671 371/447/679 370/445/680
s 2
f 367/443/674 368/444/673 372/448/681 371/447/682
s 4
f 368/444/676 365/442/675 369/446/683 372/448/684
s 1
f 369/446/678 370/445/677 374/449/685 373/450/686
s 3
f 370/445/680 371/447/679 375/451/687 374/449/688
s 2
f 371/447/682 372/448/681 376/452/689 375/451/690
s 4
f 372/448/684 369/446/683 373/450/691 376/452/692
s 1
f 373/450/686 374/449/685 378/453/693 377/454/694
s 3
f 374/449/688 375/451/687 379/455/695 378/453/696
s 2
f 375/451/690 376/452/689 380/456/697 379/455/698
s 4
f 376/452/692 373/450/691 377/454/699 380/456/700
s 1
f 377/454/694 378/453/693 382/457/701 381/458/702
s 3
f 378/453/696 379/455/695 383/459/703 382/457/704
s 2
f 379/455/698 380/456/697 384/460/705 383/459/706
s 4
f 380/456/700 377/454/699 381/458/707 384/460/708
s 1
f 381/458/702 382/457/701 386/461/709 385/462/710
s 3
f 382/457/704 383/459/703 387/463/711 386/461/712
s 2
f 383/459/706 384/460/705 388/464/713 387/463/714
s 4
f 384/460/708 381/458/707 385/462/715 388/464/716
s 1
f 385/462/710 386/461/709 390/465/717 389/466/718
s 3
f 386/461/712 387/463/711 391/467/719 390/465/720
s 2
f 387/463/714 388/464/713 392/468/721 391/467/722
s 4
f 388/464/716 385/462/715 389/466/723 392/468/724
s 1
f 389/466/718 390/465/717 394/424/725 393/423/726
s 3
f 390/465/720 391/467/719 395/425/727 394/424/728
s 2
f 391/467/722 392/468/721 396/426/729 395/425/730
s 4
f 392/468/724 389/466/723 393/423/731 396/426/732
s 5
f 397/469/733 398/470/734 400/471/735 399/472/736
s off
f 437/473/737 438/474/738 439/475/739 440/476/740
s 6
f 401/477/741 402/478/742 404/479/743 403/480/744
s off
f 403/480/745 404/479/746 398/481/747 397/482/748
s 7
f 398/470/749 404/483/750 402/484/751 400/471/752
s 8
f 403/485/753 397/469/754 399/472/755 401/486/756
s 5
f 399/472/736 400/471/735 406/487/757 405/488/758
s 7
f 400/471/752 402/478/751 407/489/759 406/487/760
s 6
f 402/478/742 401/477/741 408/490/761 407/489/762
s 8
f 401/477/756 399/472/755 405/488/763 408/490/764
s 5
f 405/488/758 406/487/757 410/491/765 409/492/766
s 7
f 406/487/760 407/489/759 411/493/767 410/491/768
s 6
f 407/489/762 408/490/761 412/494/769 411/493/770
s 8
f 408/490/764 405/488/763 409/492/771 412/494/772
s 5
f 409/492/766 410/491/765 414/495/773 413/496/774
s 7
f 410/491/768 411/493/767 415/497/775 414/495/776
s 6
f 411/493/770 412/494/769 416/498/777 415/497/778
s 8
f 412/494/772 409/492/771 413/496/779 416/498/780
s 5
f 413/496/774 414/495/773 418/499/781 417/500/782
s 7
f 414/495/776 415/497/775 419/501/783 418/499/784
s 6
f 415/497/778 416/498/777 420/502/785 419/501/786
s 8
f 416/498/780 413/496/779 417/500/787 420/502/788
s 5
f 417/500/782 418/499/781 422/503/789 421/504/790
s 7
f 418/499/784 419/501/783 423/505/791 422/503/792
s 6
f 419/501/786 420/502/785 424/506/793 423/505/794
s 8
f 420/502/788 417/500/787 421/504/795 424/506/796
s 5
f 421/504/790 422/503/789 426/507/797 425/508/798
s 7
f 422/503/792 423/505/791 427/509/799 426/507/800
s 6
f 423/505/794 424/506/793 428/510/801 427/509/802
s 8
f 424/506/796 421/504/795 425/508/803 428/510/804
s 5
f 425/508/798 426/507/797 430/511/805 429/512/806
s 7
f 426/507/800 427/509/799 431/513/807 430/511/808
s 6
f 427/509/802 428/510/801 432/514/809 431/513/810
s 8
f 428/510/804 425/508/803 429/512/811 432/514/812
s 5
f 429/512/806 430/511/805 434/515/813 433/516/814
s 7
f 430/511/808 431/513/807 435/517/815 434/515/816
s 6
f 431/513/810 432/514/809 436/518/817 435/517/818
s 8
f 432/514/812 429/512/811 433/516/819 436/518/820
s 5
f 433/516/814 434/515/813 438/474/821 437/473/822
s 7
f 434/515/816 435/517/815 439/475/823 438/474/824
s 6
f 435/517/818 436/518/817 440/476/825 439/475/826
s 8
f 436/518/820 433/516/819 437/473/827 440/476/828
s 9
f 441/519/829 442/520/830 444/521/831 443/522/832
s 10
f 471/523/833 472/524/834 473/525/835 474/526/836
f 474/526/836 473/525/835 475/527/837 476/528/838
f 476/528/838 475/527/837 477/529/839 478/530/840
f 478/530/840 477/529/839 479/531/841 480/532/842
s 11
f 451/533/843 452/534/844 454/535/845 453/536/846
s 12
f 453/536/847 454/535/848 456/537/849 455/538/850
f 455/538/850 456/537/849 458/539/851 457/540/852
f 457/540/852 458/539/851 460/541/853 459/542/854
f 459/542/854 460/541/853 442/543/855 441/544/856
s 13
f 456/545/857 454/546/858 452/547/859 450/548/860
f 458/549/861 456/545/857 450/548/860 448/550/862
f 460/551/863 458/549/861 448/550/862 446/552/864
f 442/520/865 460/551/863 446/552/864 444/521/866
s 14
f 453/553/867 455/554/868 449/555/869 451/556/870
f 455/554/868 457/557/871 447/558/872 449/555/869
f 457/557/871 459/559/873 445/560/874 447/558/872
f 459/559/873 441/519/875 443/522/876 445/560/874
s 9
f 443/522/832 444/521/831 462/561/877 461/562/878
s 13
f 444/521/866 446/563/864 463/564/879 462/561/880
s 14
f 445/565/874 443/522/876 461/562/881 464/566/882
s 13
f 446/563/864 448/567/862 465/568/883 463/564/879
s 14
f 447/569/872 445/565/874 464/566/882 466/570/884
s 13
f 448/567/862 450/571/860 467/572/885 465/568/883
s 14
f 449/573/869 447/569/872 466/570/884 468/574/886
s 13
f 450/571/860 452/534/859 469/575/887 467/572/885
s 11
f 452/534/844 451/533/843 470/576/888 469/575/889
s 14
f 451/533/870 449/573/869 468/574/886 470/576/890
s 9
f 461/562/878 462/561/877 472/524/891 471/523/892
s 13
f 462/561/880 463/564/879 473/525/893 472/524/894
s 14
f 464/566/882 461/562/881 471/523/895 474/526/896
s 13
f 463/564/879 465/568/883 475/527/897 473/525/893
s 14
f 466/570/884 464/566/882 474/526/896 476/528/898
s 13
f 465/568/883 467/572/885 477/529/899 475/527/897
s 14
f 468/574/886 466/570/884 476/528/898 478/530/900
s 13
f 467/572/885 469/575/887 479/531/901 477/529/899
s 11
f 469/575/889 470/576/888 480/532/902 479/531/903
s 14
f 470/576/890 468/574/886 478/530/900 480/532/904
s 15
f 481/577/905 482/578/906 484/579/907 483/580/908
s off
f 521/581/909 522/582/910 523/583/911 524/584/912
s 16
f 485/585/913 486/586/914 488/587/915 487/588/916
s off
f 487/588/917 488/587/918 482/589/919 481/590/920
s 17
f 482/578/921 488/591/922 486/592/923 484/579/924
s 18
f 487/593/925 481/577/926 483/580/927 485/594/928
s 15
f 483/580/908 484/579/907 490/595/929 489/596/930
s 17
f 484/579/924 486/586/923 491/597/931 490/595/932
s 16
f 486/586/914 485/585/913 492/598/933 491/597/934
s 18
f 485/585/928 483/580/927 489/596/935 492/598/936
s 15
f 489/596/930 490/595/929 494/599/937 493/600/938
s 17
f 490/595/932 491/597/931 495/601/939 494/599/940
s 16
f 491/597/934 492/598/933 496/602/941 495/601/942
s 18
f 492/598/936 489/596/935 493/600/943 496/602/944
s 15
f 493/600/938 494/599/937 498/603/945 497/604/946
s 17
f 494/599/940 495/601/939 499/605/947 498/603/948
s 16
f 495/601/942 496/602/941 500/606/949 499/605/950
s 18
f 496/602/944 493/600/943 497/604/951 500/606/952
s 15
f 497/604/946 498/603/945 502/607/953 501/608/954
s 17
f 498/603/948 499/605/947 503/609/955 502/607/956
s 16
f 499/605/950 500/606/949 504/610/957 503/609/958
s 18
f 500/606/952 497/604/951 501/608/959 504/610/960
s 15
f 501/608/954 502/607/953 506/611/961 505/612/962
s 17
f 502/607/956 503/609/955 507/613/963 506/611/964
s 16
f 503/609/958 504/610/957 508/614/965 507/613/966
s 18
f 504/610/960 501/608/959 505/612/967 508/614/968
s 15
f 505/612/962 506/611/961 510/615/969 509/616/970
s 17
f 506/611/964 507/613/963 511/617/971 510/615/972
s 16
f 507/613/966 508/614/965 512/618/973 511/617/974
s 18
f 508/614/968 505/612/967 509/616/975 512/618/976
s 15
f 509/616/970 510/615/969 514/619/977 513/620/978
s 17
f 510/615/972 511/617/971 515/621/979 514/619/980
s 16
f 511/617/974 512/618/973 516/622/981 515/621/982
s 18
f 512/618/976 509/616/975 513/620/983 516/622/984
s 15
f 513/620/978 514/619/977 518/623/985 517/624/986
s 17
f 514/619/980 515/621/979 519/625/987 518/623/988
s 16
f 515/621/982 516/622/981 520/626/989 519/625/990
s 18
f 516/622/984 513/620/983 517/624/991 520/626/992
s 15
f 517/624/986 518/623/985 522/582/993 521/581/994
s 17
f 518/623/988 519/625/987 523/583/995 522/582/996
s 16
f 519/625/990 520/626/989 524/584/997 523/583/998
s 18
f 520/626/992 517/624/991 521/581/999 524/584/1000
s off
f 525/627/1001 526/628/1002 540/629/1003 539/630/1004
s 19
f 572/631/1005 573/632/1006 574/633/1007 575/634/1008
f 573/632/1006 576/635/1009 577/636/1010 574/633/1007
f 576/635/1009 578/637/1011 579/638/1012 577/636/1010
f 578/637/1011 580/639/1013 581/640/1014 579/638/1012
s off
f 530/641/1015 531/642/1016 542/643/1017 541/644/1018
s 20
f 582/645/1019 583/646/1020 584/647/1021 585/648/1022
f 583/646/1020 586/649/1023 587/650/1024 584/647/1021
f 586/649/1023 588/651/1025 589/652/1026 587/650/1024
f 588/651/1025 590/653/1027 591/654/1028 589/652/1026
f 590/653/1027 592/655/1029 593/656/1030 591/654/1028
f 592/655/1029 594/657/1031 595/658/1032 593/656/1030
f 594/657/1031 596/659/1033 597/660/1034 595/658/1032
s 21
f 669/661/1035 670/662/1036 671/663/1037 672/664/1038
f 670/662/1036 673/665/1039 674/666/1040 671/663/1037
f 673/665/1039 675/667/1041 676/668/1042 674/666/1040
f 675/667/1041 677/669/1043 678/670/1044 676/668/1042
f 677/669/1043 679/671/1045 680/672/1046 678/670/1044
f 679/671/1045 681/673/1047 682/674/1048 680/672/1046
f 681/673/1047 683/675/1049 684/676/1050 682/674/1048
f 683/675/1049 685/677/1051 686/678/1052 684/676/1050
f 685/677/1051 687/679/1053 688/680/1054 686/678/1052
f 687/679/1053 689/681/1055 690/682/1056 688/680/1054
f 689/681/1055 691/683/1057 692/684/1058 690/682/1056
f 691/683/1057 693/685/1059 694/686/1060 692/684/1058
f 693/685/1059 695/687/1061 696/688/1062 694/686/1060
s 22
f 707/689/1063 708/690/1064 709/691/1065 710/692/1066
s 23
f 545/693/1067 546/694/1068 560/695/1069 559/696/1070
f 546/694/1068 547/697/1071 561/698/1072 560/695/1069
f 547/697/1071 548/699/1073 562/700/1074 561/698/1072
f 548/699/1073 549/701/1075 563/702/1076 562/700/1074
f 549/701/1075 550/703/1077 564/704/1078 563/702/1076
f 550/703/1077 551/705/1079 565/706/1080 564/704/1078
f 551/705/1079 552/707/1081 566/708/1082 565/706/1080
f 552/707/1081 553/709/1083 567/710/1084 566/708/1082
f 553/709/1083 554/711/1085 568/712/1086 567/710/1084
f 554/711/1085 555/713/1087 569/714/1088 568/712/1086
f 555/713/1087 556/715/1089 570/716/1090 569/714/1088
f 556/715/1089 557/717/1091 571/718/1092 570/716/1090
s 24
f 558/719/1093 559/696/1094 526/720/1095 525/721/1096
f 559/696/1094 560/695/1097 527/722/1098 526/720/1095
f 560/695/1097 561/698/1099 528/723/1100 527/722/1098
f 561/698/1099 562/700/1101 529/724/1102 528/723/1100
f 562/700/1101 563/702/1103 530/725/1104 529/724/1102
f 563/702/1103 564/704/1105 531/726/1106 530/725/1104
f 564/704/1105 565/706/1107 532/727/1108 531/726/1106
f 565/706/1107 566/708/1109 533/728/1110 532/727/1108
f 566/708/1109 567/710/1111 534/729/1112 533/728/1110
f 567/710/1111 568/712/1113 535/730/1114 534/729/1112
f 568/712/1113 569/714/1115 536/731/1116 535/730/1114
f 569/714/1115 570/716/1117 537/732/1118 536/731/1116
f 570/716/1117 571/718/1119 538/733/1120 537/732/1118
s off
f 538/734/1121 571/735/1122 557/736/1123 543/737/1124
f 558/738/1125 525/627/1126 539/630/1127 544/739/1128
f 526/628/1129 527/740/1130 573/632/1131 572/631/1132
f 540/629/1133 526/628/1134 572/631/1135 575/634/1136
f 527/740/1137 528/741/1138 576/635/1139 573/632/1140
f 528/741/1141 529/742/1142 578/637/1143 576/635/1144
f 529/742/1145 530/641/1146 580/639/1147 578/637/1148
f 530/641/1149 541/644/1150 581/640/1151 580/639/1152
f 531/642/1153 532/743/1154 583/646/1155 582/645/1156
f 542/643/1157 531/642/1158 582/645/1159 585/648/1160
f 532/743/1161 533/744/1162 586/649/1163 583/646/1164
f 533/744/1165 534/745/1166 588/651/1167 586/649/1168
f 534/745/1169 535/746/1170 590/653/1171 588/651/1172
f 535/746/1173 536/747/1174 592/655/1175 590/653/1176
f 536/747/1177 537/748/1178 594/657/1179 592/655/1180
f 537/748/1181 538/734/1182 596/659/1183 594/657/1184
f 538/734/1185 543/737/1186 597/660/1187 596/659/1188
f 539/630/1189 540/629/1190 575/634/1191 598/749/1192
f 545/693/1193 544/750/1194 600/751/1195 599/752/1196
f 544/750/1197 539/630/1198 598/749/1199 600/751/1200
f 546/694/1201 545/693/1202 599/752/1203 601/753/1204
f 547/697/1205 546/694/1206 601/753/1207 602/754/1208
f 548/699/1209 547/697/1210 602/754/1211 603/755/1212
f 549/701/1213 548/699/1214 603/755/1215 604/756/1216
f 541/644/1217 542/643/1218 585/648/1219 581/640/1220
f 550/703/1221 549/701/1222 604/756/1223 605/757/1224
f 551/705/1225 550/703/1226 605/757/1227 606/758/1228
f 552/707/1229 551/705/1230 606/758/1231 607/759/1232
f 553/709/1233 552/707/1234 607/759/1235 608/760/1236
f 554/711/1237 553/709/1238 608/760/1239 609/761/1240
f 555/713/1241 554/711/1242 609/761/1243 610/762/1244
f 556/715/1245 555/713/1246 610/762/1247 611/763/1248
f 543/737/1249 557/717/1250 612/764/1251 597/660/1252
f 557/717/1253 556/715/1254 611/763/1255 612/764/1256
f 598/749/1257 575/634/1258 614/765/1259 613/766/1260
f 599/752/1261 600/751/1262 616/767/1263 615/768/1264
f 600/751/1265 598/749/1266 613/766/1267 616/767/1268
f 575/634/1269 574/633/1270 617/769/1271 614/765/1272
f 601/753/1273 599/752/1274 615/768/1275 618/770/1276
f 574/633/1277 577/636/1278 619/771/1279 617/769/1280
f 602/754/1281 601/753/1282 618/770/1283 620/772/1284
f 577/636/1285 579/638/1286 621/773/1287 619/771/1288
f 603/755/1289 602/754/1290 620/772/1291 622/774/1292
f 579/638/1293 581/640/1294 623/775/1295 621/773/1296
f 604/756/1297 603/755/1298 622/774/1299 624/776/1300
f 581/640/1301 585/648/1302 625/777/1303 623/775/1304
f 605/757/1305 604/756/1306 624/776/1307 626/778/1308
f 585/648/1309 584/647/1310 627/779/1311 625/777/1312
f 606/758/1313 605/757/1314 626/778/1315 628/780/1316
f 584/647/1317 587/650/1318 629/781/1319 627/779/1320
f 607/759/1321 606/758/1322 628/780/1323 630/782/1324
f 587/650/1325 589/652/1326 631/783/1327 629/781/1328
f 608/760/1329 607/759/1330 630/782/1331 632/784/1332
f 589/652/1333 591/654/1334 633/785/1335 631/783/1336
f 609/761/1337 608/760/1338 632/784/1339 634/786/1340
f 591/654/1341 593/656/1342 635/787/1343 633/785/1344
f 610/762/1345 609/761/1346 634/786/1347 636/788/1348
f 593/656/1349 595/658/1350 637/789/1351 635/787/1352
f 611/763/1353 610/762/1354 636/788/1355 638/790/1356
f 595/658/1357 597/660/1358 639/791/1359 637/789/1360
f 597/660/1361 612/764/1362 640/792/1363 639/791/1364
f 612/764/1365 611/763/1366 638/790/1367 640/792/1368
s 25
f 613/766/1369 614/765/1370 642/793/1371 641/794/1372
s 26
f 712/795/1373 711/796/1374 713/797/1375 714/798/1376
s 27
f 616/767/1377 613/766/1378 641/794/1379 644/799/1380
s 25
f 614/765/1370 617/769/1381 645/800/1382 642/793/1371
s 28
f 618/770/1383 615/768/1384 643/801/1385 646/802/1386
s 25
f 617/769/1381 619/771/1387 647/803/1388 645/800/1382
s 28
f 620/772/1389 618/770/1383 646/802/1386 648/804/1390
s 25
f 619/771/1387 621/773/1391 649/805/1392 647/803/1388
s 28
f 622/774/1393 620/772/1389 648/804/1390 650/806/1394
s 25
f 621/773/1391 623/775/1395 651/807/1396 649/805/1392
s 28
f 624/776/1397 622/774/1393 650/806/1394 652/808/1398
s 25
f 623/775/1395 625/777/1399 653/809/1400 651/807/1396
s 28
f 626/778/1401 624/776/1397 652/808/1398 654/810/1402
s 25
f 625/777/1399 627/779/1403 655/811/1404 653/809/1400
s 28
f 628/780/1405 626/778/1401 654/810/1402 656/812/1406
s 25
f 627/779/1403 629/781/1407 657/813/1408 655/811/1404
s 28
f 630/782/1409 628/780/1405 656/812/1406 658/814/1410
s 25
f 629/781/1407 631/783/1411 659/815/1412 657/813/1408
s 28
f 632/784/1413 630/782/1409 658/814/1410 660/816/1414
s 25
f 631/783/1411 633/785/1415 661/817/1416 659/815/1412
s 28
f 634/786/1417 632/784/1413 660/816/1414 662/818/1418
s 25
f 633/785/1415 635/787/1419 663/819/1420 661/817/1416
s 28
f 636/788/1421 634/786/1417 662/818/1418 664/820/1422
s 25
f 635/787/1419 637/789/1423 665/821/1424 663/819/1420
s 28
f 638/790/1425 636/788/1421 664/820/1422 666/822/1426
s 25
f 637/789/1423 639/791/1427 667/823/1428 665/821/1424
s 29
f 639/791/1429 640/792/1430 668/824/1431 667/823/1432
s 28
f 640/792/1433 638/790/1425 666/822/1426 668/824/1434
s 25
f 641/794/1372 642/793/1371 670/662/1435 669/661/1436
s 26
f 714/798/1376 713/797/1375 715/825/1437 716/826/1438
s 27
f 644/799/1380 641/794/1379 669/661/1439 672/664/1440
s 25
f 642/793/1371 645/800/1382 673/665/1441 670/662/1435
s 28
f 646/802/1386 643/801/1385 671/663/1442 674/666/1443
s 25
f 645/800/1382 647/803/1388 675/667/1444 673/665/1441
s 28
f 648/804/1390 646/802/1386 674/666/1443 676/668/1445
s 25
f 647/803/1388 649/805/1392 677/669/1446 675/667/1444
s 28
f 650/806/1394 648/804/1390 676/668/1445 678/670/1447
s 25
f 649/805/1392 651/807/1396 679/671/1448 677/669/1446
s 28
f 652/808/1398 650/806/1394 678/670/1447 680/672/1449
s 25
f 651/807/1396 653/809/1400 681/673/1450 679/671/1448
s 28
f 654/810/1402 652/808/1398 680/672/1449 682/674/1451
s 25
f 653/809/1400 655/811/1404 683/675/1452 681/673/1450
s 28
f 656/812/1406 654/810/1402 682/674/1451 684/676/1453
s 25
f 655/811/1404 657/813/1408 685/677/1454 683/675/1452
s 28
f 658/814/1410 656/812/1406 684/676/1453 686/678/1455
s 25
f 657/813/1408 659/815/1412 687/679/1456 685/677/1454
s 28
f 660/816/1414 658/814/1410 686/678/1455 688/680/1457
s 25
f 659/815/1412 661/817/1416 689/681/1458 687/679/1456
s 28
f 662/818/1418 660/816/1414 688/680/1457 690/682/1459
s 25
f 661/817/1416 663/819/1420 691/683/1460 689/681/1458
s 28
f 664/820/1422 662/818/1418 690/682/1459 692/684/1461
s 25
f 663/819/1420 665/821/1424 693/685/1462 691/683/1460
s 28
f 666/822/1426 664/820/1422 692/684/1461 694/686/1463
s 25
f 665/821/1424 667/823/1428 695/687/1464 693/685/1462
s 29
f 667/823/1432 668/824/1431 696/688/1465 695/687/1466
s 28
f 668/824/1434 666/822/1426 694/686/1463 696/688/1467
s off
f 544/750/1468 545/693/1469 698/827/1470 697/828/1471
f 545/693/1472 559/696/1473 699/829/1474 698/827/1475
f 559/696/1476 558/719/1477 700/830/1478 699/829/1479
f 558/719/1480 544/750/1481 697/828/1482 700/830/1483
f 615/768/1484 616/767/1485 701/831/1486 702/832/1487
f 616/767/1488 644/799/1489 703/833/1490 701/831/1491
f 643/801/1492 615/768/1493 702/832/1494 704/834/1495
f 644/799/1496 672/664/1497 705/835/1498 703/833/1499
f 672/664/1500 671/663/1501 706/836/1502 705/835/1503
f 671/663/1504 643/801/1505 704/834/1506 706/836/1507
s 30
f 697/828/1508 698/827/1509 708/690/1510 707/689/1511
s off
f 717/837/1512 718/838/1513 719/839/1514 720/840/1515
s 31
f 699/829/1516 700/830/1517 710/692/1518 709/691/1519
s off
f 700/830/1520 697/828/1521 707/689/1522 710/692/1523
s 32
f 702/832/1524 701/831/1525 711/796/1526 712/795/1527
s 33
f 701/831/1528 703/833/1529 713/797/1530 711/796/1531
s 34
f 722/841/1532 721/842/1533 723/843/1534 724/844/1535
s 33
f 703/833/1529 705/835/1536 715/825/1537 713/797/1530
s 35
f 705/835/1538 706/836/1539 716/826/1540 715/825/1541
s 34
f 725/845/1542 722/841/1532 724/844/1535 726/846/1543
s off
f 698/827/1544 699/829/1545 718/838/1546 717/837/1547
s 31
f 699/829/1516 709/691/1519 719/839/1548 718/838/1549
s 22
f 709/691/1065 708/690/1064 720/840/1550 719/839/1551
s 30
f 708/690/1510 698/827/1509 717/837/1552 720/840/1553
s 36
f 704/834/1554 702/832/1555 721/842/1556 722/841/1557
s 32
f 702/832/1524 712/795/1527 723/843/1558 721/842/1559
s 26
f 712/795/1373 714/798/1376 724/844/1560 723/843/1561
s 36
f 706/836/1562 704/834/1554 722/841/1557 725/845/1563
s 26
f 714/798/1376 716/826/1438 726/846/1564 724/844/1560
s 35
f 716/826/1540 706/836/1539 725/845/1565 726/846/1566
g default
v -3.014111 -0.150000 8.050637
v -2.014111 -0.150000 8.050637
v -3.014111 0.150000 8.050637
v -2.014111 0.150000 8.050637
v -3.014111 0.150000 7.050637
v -2.014111 0.150000 7.050637
v -3.014111 -0.150000 7.050637
v -2.014111 -0.150000 7.050637
v -3.014111 0.850000 8.050637
v -2.014111 0.850000 8.050637
v -2.014111 0.850000 7.050637
v -3.014111 0.850000 7.050637
v -3.014111 1.550000 8.050637
v -2.014111 1.550000 8.050637
v -2.014111 1.550000 7.050637
v -3.014111 1.550000 7.050637
v -3.014111 1.850000 8.050637
v -2.014111 1.850000 8.050637
v -2.014111 1.850000 7.050637
v -3.014111 1.850000 7.050637
v -3.014111 2.550000 8.050637
v -2.014111 2.550000 8.050637
v -2.014111 2.550000 7.050637
v -3.014111 2.550000 7.050637
v -3.014111 3.250000 8.050637
v -2.014111 3.250000 8.050637
v -2.014111 3.250000 7.050637
v -3.014111 3.250000 7.050637
v -3.014111 3.550001 8.050637
v -2.014111 3.550001 8.050637
v -2.014111 3.550001 7.050637
v -3.014111 3.550001 7.050637
v -3.014111 4.250000 8.050637
v -2.014111 4.250000 8.050637
v -2.014111 4.250000 7.050637
v -3.014111 4.250000 7.050637
v -3.014111 4.950000 8.050637
v -2.014111 4.950000 8.050637
v -2.014111 4.950000 7.050637
v -3.014111 4.950000 7.050637
v -3.014111 5.250001 8.050637
v -2.014111 5.250001 8.050637
v -2.014111 5.250001 7.050637
v -3.014111 5.250001 7.050637
v -3.012249 5.244010 9.490851
v -2.012249 5.244010 9.490851
v -3.012249 5.944010 9.490851
v -2.012249 5.944010 9.490851
v -3.012249 5.944010 8.040850
v -2.012249 5.944010 8.040850
v -3.012249 5.244010 8.040850
v -2.012249 5.244010 8.040850
v -3.012249 6.644010 9.490851
v -2.012249 6.644010 9.490851
v -2.012249 6.644010 8.040850
v -3.012249 6.644010 8.040850
v -3.012249 6.944010 9.490851
v -2.012249 6.944010 9.490851
v -2.012249 6.944010 8.040850
v -3.012249 6.944010 8.040850
v 5.085890 -0.150000 8.050637
v 6.085890 -0.150000 8.050637
v 5.085890 0.150000 8.050637
v 6.085890 0.150000 8.050637
v 5.085890 0.150000 7.050637
v 6.085890 0.150000 7.050637
v 5.085890 -0.150000 7.050637
v 6.085890 -0.150000 7.050637
v 5.085890 0.850000 8.050637
v 6.085890 0.850000 8.050637
v 6.085890 0.850000 7.050637
v 5.085890 0.850000 7.050637
v 5.085890 1.550000 8.050637
v 6.085890 1.550000 8.050637
v 6.085890 1.550000 7.050637
v 5.085890 1.550000 7.050637
v 5.085890 1.850000 8.050637
v 6.085890 1.850000 8.050637
v 6.085890 1.850000 7.050637
v 5.085890 1.850000 7.050637
v 5.085890 2.550000 8.050637
v 6.085890 2.550000 8.050637
v 6.085890 2.550000 7.050637
v 5.085890 2.550000 7.050637
v 5.085890 3.250000 8.050637
v 6.085890 3.250000 8.050637
v 6.085890 3.250000 7.050637
v 5.085890 3.250000 7.050637
v 5.085890 3.550001 8.050637
v 6.085890 3.550001 8.050637
v 6.085890 3.550001 7.050637
v 5.085890 3.550001 7.050637
v 5.085890 4.250000 8.050637
v 6.085890 4.250000 8.050637
v 6.085890 4.250000 7.050637
v 5.085890 4.250000 7.050637
v 5.085890 4.950000 8.050637
v 6.085890 4.950000 8.050637
v 6.085890 4.950000 7.050637
v 5.085890 4.950000 7.050637
v 5.085890 5.250001 8.050637
v 6.085890 5.250001 8.050637
v 6.085890 5.250001 7.050637
v 5.085890 5.250001 7.050637
v -3.014111 5.244054 8.046386
v -2.314112 5.244054 8.046386
v -1.614111 5.244054 8.046386
v -0.914112 5.244054 8.046386
v -0.214111 5.244054 8.046386
v 0.485889 5.244054 8.046386
v 1.185889 5.244054 8.046386
v 1.885889 5.244054 8.046386
v 2.585889 5.244054 8.046386
v 3.285889 5.244054 8.046386
v 3.985890 5.244054 8.046386
v 4.685889 5.244054 8.046386
v 5.385889 5.244054 8.046386
v 6.085889 5.244054 8.046386
v -3.014111 5.944054 8.046386
v -2.314112 5.944054 8.046386
v -1.614111 5.944054 8.046386
v -0.914112 5.944054 8.046386
v -0.214111 5.944054 8.046386
v 0.485889 5.944054 8.046386
v 1.185889 5.944054 8.046386
v 1.885889 5.944054 8.046386
v 2.585889 5.944054 8.046386
v 3.285889 5.944054 8.046386
v 3.985890 5.944054 8.046386
v 4.685889 5.944054 8.046386
v 5.385889 5.944054 8.046386
v 6.085889 5.944054 8.046386
v -3.014111 5.944054 7.046386
v -2.314112 5.944054 7.046386
v -1.614111 5.944054 7.046386
v -0.914112 5.944054 7.046386
v -0.214111 5.944054 7.046386
v 0.485889 5.944054 7.046386
v 1.185889 5.944054 7.046386
v 1.885889 5.944054 7.046386
v 2.585889 5.944054 7.046386
v 3.285889 5.944054 7.046386
v 3.985890 5.944054 7.046386
v 4.685889 5.944054 7.046386
v 5.385889 5.944054 7.046386
v 6.085889 5.944054 7.046386
v -3.014111 5.244054 7.046386
v -2.314112 5.244054 7.046386
v -1.614111 5.244054 7.046386
v -0.914112 5.244054 7.046386
v -0.214111 5.244054 7.046386
v 0.485889 5.244054 7.046386
v 1.185889 5.244054 7.046386
v 1.885889 5.244054 7.046386
v 2.585889 5.244054 7.046386
v 3.285889 5.244054 7.046386
v 3.985890 5.244054 7.046386
v 4.685889 5.244054 7.046386
v 5.385889 5.244054 7.046386
v 6.085889 5.244054 7.046386
v -3.014111 6.644053 8.046386
v -2.314112 6.644053 8.046386
v -2.314112 6.644053 7.046386
v -3.014111 6.644053 7.046386
v -1.614111 6.644053 8.046386
v -1.614111 6.644053 7.046386
v -0.914112 6.644053 8.046386
v -0.914112 6.644053 7.046386
v -0.214111 6.644053 8.046386
v -0.214111 6.644053 7.046386
v 0.485889 6.644053 8.046386
v 0.485889 6.644053 7.046386
v 1.185889 6.644053 8.046386
v 1.185889 6.644053 7.046386
v 1.885889 6.644053 8.046386
v 1.885889 6.644053 7.046386
v 2.585889 6.644053 8.046386
v 2.585889 6.644053 7.046386
v 3.285889 6.644053 8.046386
v 3.285889 6.644053 7.046386
v 3.985890 6.644053 8.046386
v 3.985890 6.644053 7.046386
v 4.685889 6.644053 8.046386
v 4.685889 6.644053 7.046386
v 5.385889 6.644053 8.046386
v 5.385889 6.644053 7.046386
v 6.085889 6.644053 8.046386
v 6.085889 6.644053 7.046386
v -3.014111 6.944054 8.046386
v -2.314112 6.944054 8.046386
v -2.314112 6.944054 7.046386
v -3.014111 6.944054 7.046386
v -1.614111 6.944054 8.046386
v -1.614111 6.944054 7.046386
v -0.914112 6.944054 8.046386
v -0.914112 6.944054 7.046386
v -0.214111 6.944054 8.046386
v -0.214111 6.944054 7.046386
v 0.485889 6.944054 8.046386
v 0.485889 6.944054 7.046386
v 1.185889 6.944054 8.046386
v 1.185889 6.944054 7.046386
v 1.885889 6.944054 8.046386
v 1.885889 6.944054 7.046386
v 2.585889 6.944054 8.046386
v 2.585889 6.944054 7.046386
v 3.285889 6.944054 8.046386
v 3.285889 6.944054 7.046386
v 3.985890 6.944054 8.046386
v 3.985890 6.944054 7.046386
v 4.685889 6.944054 8.046386
v 4.685889 6.944054 7.046386
v 5.385889 6.944054 8.046386
v 5.385889 6.944054 7.046386
v 6.085889 6.944054 8.046386
v 6.085889 6.944054 7.046386
v -2.008035 5.260468 9.835189
v -3.008035 5.260468 9.835189
v -2.008035 5.960468 9.835189
v -3.008035 5.960468 9.835189
v -2.008035 5.960468 10.447688
v -3.008035 5.960468 10.447688
v -2.008035 5.960468 11.060189
v -3.008035 5.960468 11.060189
v -2.008035 5.960468 11.672689
v -3.008035 5.960468 11.672689
v -2.008035 5.960468 12.285189
v -3.008035 5.960468 12.285189
v -2.008035 5.260468 12.285189
v -3.008035 5.260468 12.285189
v -2.008035 5.260468 11.672689
v -3.008035 5.260468 11.672689
v -2.008035 5.260468 11.060189
v -3.008035 5.260468 11.060189
v -2.008035 5.260468 10.447688
v -3.008035 5.260468 10.447688
v -2.008035 6.660468 9.835189
v -3.008035 6.660468 9.835189
v -3.008035 6.660468 10.447688
v -2.008035 6.660468 10.447688
v -3.008035 6.660468 11.060189
v -2.008035 6.660468 11.060189
v -3.008035 6.660468 11.672689
v -2.008035 6.660468 11.672689
v -3.008035 6.660468 12.285189
v -2.008035 6.660468 12.285189
v -2.008035 6.960468 9.835189
v -3.008035 6.960468 9.835189
v -3.008035 6.960468 10.447688
v -2.008035 6.960468 10.447688
v -3.008035 6.960468 11.060189
v -2.008035 6.960468 11.060189
v -3.008035 6.960468 11.672689
v -2.008035 6.960468 11.672689
v -3.008035 6.960468 12.285189
v -2.008035 6.960468 12.285189
v -2.003557 -0.136951 11.321613
v -3.003548 -0.135322 11.317735
v -2.003060 0.163042 11.319480
v -3.003051 0.164670 11.315602
v -2.006926 0.170159 12.319447
v -3.006918 0.171788 12.315569
v -2.007424 -0.129833 12.321581
v -3.007414 -0.128204 12.317703
v -2.001901 0.863023 11.314502
v -3.001892 0.864652 11.310624
v -3.005758 0.871769 12.310591
v -2.005767 0.870140 12.314469
v -2.000741 1.563004 11.309524
v -3.000733 1.564633 11.305646
v -3.004599 1.571751 12.305613
v -2.004607 1.570122 12.309491
v -2.000244 1.862996 11.307390
v -3.000235 1.864625 11.303513
v -3.004102 1.871743 12.303480
v -2.004111 1.870114 12.307358
v -1.999085 2.562978 11.302413
v -2.999076 2.564606 11.298535
v -3.002943 2.571724 12.298502
v -2.002951 2.570095 12.302380
v -1.997926 3.262959 11.297435
v -2.997916 3.264588 11.293557
v -3.001784 3.271705 12.293524
v -2.001792 3.270077 12.297403
v -1.997429 3.562952 11.295302
v -2.997420 3.564580 11.291424
v -3.001286 3.571698 12.291391
v -2.001295 3.570069 12.295269
v -1.996269 4.262933 11.290324
v -2.996260 4.264562 11.286446
v -3.000127 4.271679 12.286413
v -2.000136 4.270050 12.290291
v -1.995110 4.962914 11.285346
v -2.995101 4.964542 11.281468
v -2.998968 4.971660 12.281435
v -1.998976 4.970031 12.285313
v -1.994613 5.262907 11.283213
v -2.994604 5.264535 11.279334
v -2.998470 5.271653 12.279302
v -1.998479 5.270024 12.283180
vt 0.375000 0.000000
vt 0.625000 0.000000
vt 0.625000 0.250000
vt 0.375000 0.250000
vt 0.375000 0.250000
vt 0.625000 0.250000
vt 0.625000 0.500000
vt 0.375000 0.500000
vt 0.375000 0.500000
vt 0.625000 0.500000
vt 0.625000 0.750000
vt 0.375000 0.750000
vt 0.625000 1.000000
vt 0.375000 1.000000
vt 0.875000 0.000000
vt 0.875000 0.250000
vt 0.125000 0.000000
vt 0.125000 0.250000
vt 0.625000 0.250000
vt 0.375000 0.250000
vt 0.625000 0.500000
vt 0.375000 0.500000
vt 0.625000 0.250000
vt 0.375000 0.250000
vt 0.625000 0.500000
vt 0.375000 0.500000
vt 0.625000 0.250000
vt 0.375000 0.250000
vt 0.625000 0.500000
vt 0.375000 0.500000
vt 0.625000 0.250000
vt 0.375000 0.250000
vt 0.625000 0.500000
vt 0.375000 0.500000
vt 0.625000 0.250000
vt 0.375000 0.250000
vt 0.625000 0.500000
vt 0.375000 0.500000
vt 0.625000 0.250000
vt 0.375000 0.250000
vt 0.625000 0.500000
vt 0.375000 0.500000
vt 0.625000 0.250000
vt 0.375000 0.250000
vt 0.625000 0.500000
vt 0.375000 0.500000
vt 0.625000 0.250000
vt 0.375000 0.250000
vt 0.625000 0.500000
vt 0.375000 0.500000
vt 0.375000 0.000000
vt 0.625000 0.000000
vt 0.625000 0.250000
vt 0.375000 0.250000
vt 0.375000 0.250000
vt 0.625000 0.250000
vt 0.625000 0.500000
vt 0.375000 0.500000
vt 0.375000 0.500000
vt 0.625000 0.500000
vt 0.625000 0.750000
vt 0.375000 0.750000
vt 0.625000 1.000000
vt 0.375000 1.000000
vt 0.875000 0.000000
vt 0.875000 0.250000
vt 0.125000 0.000000
vt 0.125000 0.250000
vt 0.625000 0.250000
vt 0.375000 0.250000
vt 0.625000 0.500000
vt 0.375000 0.500000
vt 0.375000 0.000000
vt 0.625000 0.000000
vt 0.625000 0.250000
vt 0.375000 0.250000
vt 0.375000 0.250000
vt 0.625000 0.250000
vt 0.625000 0.500000
vt 0.375000 0.500000
vt 0.375000 0.500000
vt 0.625000 0.500000
vt 0.625000 0.750000
vt 0.375000 0.750000
vt 0.625000 1.000000
vt 0.375000 1.000000
vt 0.875000 0.000000
vt 0.875000 0.250000
vt 0.125000 0.000000
vt 0.125000 0.250000
vt 0.625000 0.250000
vt 0.375000 0.250000
vt 0.625000 0.500000
vt 0.375000 0.500000
vt 0.625000 0.250000
vt 0.375000 0.250000
vt 0.625000 0.500000
vt 0.375000 0.500000
vt 0.625000 0.250000
vt 0.375000 0.250000
vt 0.625000 0.500000
vt 0.375000 0.500000
vt 0.625000 0.250000
vt 0.375000 0.250000
vt 0.625000 0.500000
vt 0.375000 0.500000
vt 0.625000 0.250000
vt 0.375000 0.250000
vt 0.625000 0.500000
vt 0.375000 0.500000
vt 0.625000 0.250000
vt 0.375000 0.250000
vt 0.625000 0.500000
vt 0.375000 0.500000
vt 0.625000 0.250000
vt 0.375000 0.250000
vt 0.625000 0.500000
vt 0.375000 0.500000
vt 0.625000 0.250000
vt 0.375000 0.250000
vt 0.625000 0.500000
vt 0.375000 0.500000
vt 0.375000 0.000000
vt 0.394231 0.000000
vt 0.394231 0.250000
vt 0.375000 0.250000
vt 0.413462 0.000000
vt 0.413462 0.250000
vt 0.432692 0.000000
vt 0.432692 0.250000
vt 0.451923 0.000000
vt 0.451923 0.250000
vt 0.471154 0.000000
vt 0.471154 0.250000
vt 0.490385 0.000000
vt 0.490385 0.250000
vt 0.509615 0.000000
vt 0.509615 0.250000
vt 0.528846 0.000000
vt 0.528846 0.250000
vt 0.548077 0.000000
vt 0.548077 0.250000
vt 0.567308 0.000000
vt 0.567308 0.250000
vt 0.586539 0.000000
vt 0.586539 0.250000
vt 0.605769 0.000000
vt 0.605769 0.250000
vt 0.625000 0.000000
vt 0.625000 0.250000
vt 0.375000 0.250000
vt 0.394231 0.250000
vt 0.394231 0.500000
vt 0.375000 0.500000
vt 0.413462 0.250000
vt 0.413462 0.500000
vt 0.432692 0.250000
vt 0.432692 0.500000
vt 0.451923 0.250000
vt 0.451923 0.500000
vt 0.471154 0.250000
vt 0.471154 0.500000
vt 0.490385 0.250000
vt 0.490385 0.500000
vt 0.509615 0.250000
vt 0.509615 0.500000
vt 0.528846 0.250000
vt 0.528846 0.500000
vt 0.548077 0.250000
vt 0.548077 0.500000
vt 0.567308 0.250000
vt 0.567308 0.500000
vt 0.586539 0.250000
vt 0.586539 0.500000
vt 0.605769 0.250000
vt 0.605769 0.500000
vt 0.625000 0.250000
vt 0.625000 0.500000
vt 0.375000 0.500000
vt 0.394231 0.500000
vt 0.394231 0.750000
vt 0.375000 0.750000
vt 0.413462 0.500000
vt 0.413462 0.750000
vt 0.432692 0.500000
vt 0.432692 0.750000
vt 0.451923 0.500000
vt 0.451923 0.750000
vt 0.471154 0.500000
vt 0.471154 0.750000
vt 0.490385 0.500000
vt 0.490385 0.750000
vt 0.509615 0.500000
vt 0.509615 0.750000
vt 0.528846 0.500000
vt 0.528846 0.750000
vt 0.548077 0.500000
vt 0.548077 0.750000
vt 0.567308 0.500000
vt 0.567308 0.750000
vt 0.586539 0.500000
vt 0.586539 0.750000
vt 0.605769 0.500000
vt 0.605769 0.750000
vt 0.625000 0.500000
vt 0.625000 0.750000
vt 0.394231 1.000000
vt 0.375000 1.000000
vt 0.413462 1.000000
vt 0.432692 1.000000
vt 0.451923 1.000000
vt 0.471154 1.000000
vt 0.490385 1.000000
vt 0.509615 1.000000
vt 0.528846 1.000000
vt 0.548077 1.000000
vt 0.567308 1.000000
vt 0.586539 1.000000
vt 0.605769 1.000000
vt 0.625000 1.000000
vt 0.875000 0.000000
vt 0.875000 0.250000
vt 0.125000 0.000000
vt 0.125000 0.250000
vt 0.394231 0.250000
vt 0.375000 0.250000
vt 0.375000 0.500000
vt 0.394231 0.500000
vt 0.413462 0.250000
vt 0.413462 0.500000
vt 0.432692 0.250000
vt 0.432692 0.500000
vt 0.451923 0.250000
vt 0.451923 0.500000
vt 0.471154 0.250000
vt 0.471154 0.500000
vt 0.490385 0.250000
vt 0.490385 0.500000
vt 0.509615 0.250000
vt 0.509615 0.500000
vt 0.528846 0.250000
vt 0.528846 0.500000
vt 0.548077 0.250000
vt 0.548077 0.500000
vt 0.567308 0.250000
vt 0.567308 0.500000
vt 0.586539 0.250000
vt 0.586539 0.500000
vt 0.605769 0.250000
vt 0.605769 0.500000
vt 0.625000 0.250000
vt 0.625000 0.500000
vt 0.375000 0.000000
vt 0.625000 0.000000
vt 0.625000 0.250000
vt 0.375000 0.250000
vt 0.375000 0.250000
vt 0.625000 0.250000
vt 0.625000 0.312500
vt 0.375000 0.312500
vt 0.625000 0.375000
vt 0.375000 0.375000
vt 0.625000 0.437500
vt 0.375000 0.437500
vt 0.625000 0.500000
vt 0.375000 0.500000
vt 0.375000 0.500000
vt 0.625000 0.500000
vt 0.625000 0.750000
vt 0.375000 0.750000
vt 0.625000 0.812500
vt 0.375000 0.812500
vt 0.625000 0.875000
vt 0.375000 0.875000
vt 0.625000 0.937500
vt 0.375000 0.937500
vt 0.625000 1.000000
vt 0.375000 1.000000
vt 0.812500 0.000000
vt 0.875000 0.000000
vt 0.875000 0.250000
vt 0.812500 0.250000
vt 0.750000 0.000000
vt 0.750000 0.250000
vt 0.687500 0.000000
vt 0.687500 0.250000
vt 0.125000 0.000000
vt 0.187500 0.000000
vt 0.187500 0.250000
vt 0.125000 0.250000
vt 0.250000 0.000000
vt 0.250000 0.250000
vt 0.312500 0.000000
vt 0.312500 0.250000
vt 0.625000 0.250000
vt 0.375000 0.250000
vt 0.625000 0.312500
vt 0.625000 0.312500
vt 0.375000 0.312500
vt 0.375000 0.312500
vt 0.625000 0.375000
vt 0.625000 0.375000
vt 0.375000 0.375000
vt 0.375000 0.375000
vt 0.625000 0.437500
vt 0.625000 0.437500
vt 0.375000 0.437500
vt 0.375000 0.437500
vt 0.625000 0.500000
vt 0.375000 0.500000
vt 0.375000 0.000000
vt 0.625000 0.000000
vt 0.625000 0.250000
vt 0.375000 0.250000
vt 0.375000 0.250000
vt 0.625000 0.250000
vt 0.625000 0.500000
vt 0.375000 0.500000
vt 0.375000 0.500000
vt 0.625000 0.500000
vt 0.625000 0.750000
vt 0.375000 0.750000
vt 0.625000 1.000000
vt 0.375000 1.000000
vt 0.875000 0.000000
vt 0.875000 0.250000
vt 0.125000 0.000000
vt 0.125000 0.250000
vt 0.625000 0.250000
vt 0.375000 0.250000
vt 0.625000 0.500000
vt 0.375000 0.500000
vt 0.625000 0.250000
vt 0.375000 0.250000
vt 0.625000 0.500000
vt 0.375000 0.500000
vt 0.625000 0.250000
vt 0.375000 0.250000
vt 0.625000 0.500000
vt 0.375000 0.500000
vt 0.625000 0.250000
vt 0.375000 0.250000
vt 0.625000 0.500000
vt 0.375000 0.500000
vt 0.625000 0.250000
vt 0.375000 0.250000
vt 0.625000 0.500000
vt 0.375000 0.500000
vt 0.625000 0.250000
vt 0.375000 0.250000
vt 0.625000 0.500000
vt 0.375000 0.500000
vt 0.625000 0.250000
vt 0.375000 0.250000
vt 0.625000 0.500000
vt 0.375000 0.500000
vt 0.625000 0.250000
vt 0.375000 0.250000
vt 0.625000 0.500000
vt 0.375000 0.500000
vn 0.000000 0.000000 1.000000
vn 0.000000 0.000000 1.000000
vn 0.000000 0.000000 1.000000
vn 0.000000 0.000000 1.000000
vn 0.000000 1.000000 0.000000
vn 0.000000 1.000000 0.000000
vn 0.000000 1.000000 0.000000
vn 0.000000 1.000000 0.000000
vn 0.000000 0.000000 -1.000000
vn 0.000000 0.000000 -1.000000
vn 0.000000 0.000000 -1.000000
vn 0.000000 0.000000 -1.000000
vn 0.000000 -1.000000 0.000000
vn 0.000000 -1.000000 0.000000
vn 0.000000 -1.000000 0.000000
vn 0.000000 -1.000000 0.000000
vn 1.000000 0.000000 0.000000
vn 1.000000 0.000000 0.000000
vn 1.000000 0.000000 0.000000
vn 1.000000 0.000000 0.000000
vn -1.000000 0.000000 0.000000
vn -1.000000 0.000000 0.000000
vn -1.000000 0.000000 0.000000
vn -1.000000 0.000000 0.000000
vn 0.000000 0.000000 1.000000
vn 0.000000 0.000000 1.000000
vn 1.000000 0.000000 0.000000
vn 1.000000 0.000000 0.000000
vn 0.000000 0.000000 -1.000000
vn 0.000000 0.000000 -1.000000
vn -1.000000 0.000000 0.000000
vn -1.000000 0.000000 0.000000
vn 0.000000 0.000000 1.000000
vn 0.000000 0.000000 1.000000
vn 1.000000 0.000000 0.000000
vn 1.000000 0.000000 0.000000
vn 0.000000 0.000000 -1.000000
vn 0.000000 0.000000 -1.000000
vn -1.000000 0.000000 0.000000
vn -1.000000 0.000000 0.000000
vn 0.000000 0.000000 1.000000
vn 0.000000 0.000000 1.000000
vn 1.000000 0.000000 0.000000
vn 1.000000 0.000000 0.000000
vn 0.000000 0.000000 -1.000000
vn 0.000000 0.000000 -1.000000
vn -1.000000 0.000000 0.000000
vn -1.000000 0.000000 0.000000
vn 0.000000 0.000000 1.000000
vn 0.000000 0.000000 1.000000
vn 1.000000 0.000000 0.000000
vn 1.000000 0.000000 0.000000
vn 0.000000 0.000000 -1.000000
vn 0.000000 0.000000 -1.000000
vn -1.000000 0.000000 0.000000
vn -1.000000 0.000000 0.000000
vn 0.000000 0.000000 1.000000
vn 0.000000 0.000000 1.000000
vn 1.000000 0.000000 0.000000
vn 1.000000 0.000000 0.000000
vn 0.000000 0.000000 -1.000000
vn 0.000000 0.000000 -1.000000
vn -1.000000 0.000000 0.000000
vn -1.000000 0.000000 0.000000
vn 0.000000 0.000000 1.000000
vn 0.000000 0.000000 1.000000
vn 1.000000 0.000000 0.000000
vn 1.000000 0.000000 0.000000
vn 0.000000 0.000000 -1.000000
vn 0.000000 0.000000 -1.000000
vn -1.000000 0.000000 0.000000
vn -1.000000 0.000000 0.000000
vn 0.000000 0.000000 1.000000
vn 0.000000 0.000000 1.000000
vn 1.000000 0.000000 0.000000
vn 1.000000 0.000000 0.000000
vn 0.000000 0.000000 -1.000000
vn 0.000000 0.000000 -1.000000
vn -1.000000 0.000000 0.000000
vn -1.000000 0.000000 0.000000
vn 0.000000 0.000000 1.000000
vn 0.000000 0.000000 1.000000
vn 1.000000 0.000000 0.000000
vn 1.000000 0.000000 0.000000
vn 0.000000 0.000000 -1.000000
vn 0.000000 0.000000 -1.000000
vn -1.000000 0.000000 0.000000
vn -1.000000 0.000000 0.000000
vn 0.000000 0.000000 1.000000
vn 0.000000 0.000000 1.000000
vn 1.000000 0.000000 0.000000
vn 1.000000 0.000000 0.000000
vn 0.000000 0.000000 -1.000000
vn 0.000000 0.000000 -1.000000
vn -1.000000 0.000000 0.000000
vn -1.000000 0.000000 0.000000
vn 0.000000 0.000000 1.000000
vn 0.000000 0.000000 1.000000
vn 0.000000 0.000000 1.000000
vn 0.000000 0.000000 1.000000
vn 0.000000 1.000000 0.000000
vn 0.000000 1.000000 0.000000
vn 0.000000 1.000000 0.000000
vn 0.000000 1.000000 0.000000
vn 0.000000 0.000000 -1.000000
vn 0.000000 0.000000 -1.000000
vn 0.000000 0.000000 -1.000000
vn 0.000000 0.000000 -1.000000
vn 0.000000 -1.000000 0.000000
vn 0.000000 -1.000000 0.000000
vn 0.000000 -1.000000 0.000000
vn 0.000000 -1.000000 0.000000
vn 1.000000 0.000000 0.000000
vn 1.000000 0.000000 0.000000
vn 1.000000 0.000000 0.000000
vn 1.000000 0.000000 0.000000
vn -1.000000 0.000000 0.000000
vn -1.000000 0.000000 0.000000
vn -1.000000 0.000000 0.000000
vn -1.000000 0.000000 0.000000
vn 0.000000 0.000000 1.000000
vn 0.000000 0.000000 1.000000
vn 1.000000 0.000000 0.000000
vn 1.000000 0.000000 0.000000
vn 0.000000 0.000000 -1.000000
vn 0.000000 0.000000 -1.000000
vn -1.000000 0.000000 0.000000
vn -1.000000 0.000000 0.000000
vn 0.000000 0.000000 1.000000
vn 0.000000 0.000000 1.000000
vn 1.000000 0.000000 0.000000
vn 1.000000 0.000000 0.000000
vn 0.000000 0.000000 -1.000000
vn 0.000000 0.000000 -1.000000
vn -1.000000 0.000000 0.000000
vn -1.000000 0.000000 0.000000
vn 0.000000 0.000000 1.000000
vn 0.000000 0.000000 1.000000
vn 0.000000 0.000000 1.000000
vn 0.000000 0.000000 1.000000
vn 0.000000 1.000000 0.000000
vn 0.000000 1.000000 0.000000
vn 0.000000 1.000000 0.000000
vn 0.000000 1.000000 0.000000
vn 0.000000 0.000000 -1.000000
vn 0.000000 0.000000 -1.000000
vn 0.000000 0.000000 -1.000000
vn 0.000000 0.000000 -1.000000
vn 0.000000 -1.000000 0.000000
vn 0.000000 -1.000000 0.000000
vn 0.000000 -1.000000 0.000000
vn 0.000000 -1.000000 0.000000
vn 1.000000 0.000000 0.000000
vn 1.000000 0.000000 0.000000
vn 1.000000 0.000000 0.000000
vn 1.000000 0.000000 0.000000
vn -1.000000 0.000000 0.000000
vn -1.000000 0.000000 0.000000
vn -1.000000 0.000000 0.000000
vn -1.000000 0.000000 0.000000
vn 0.000000 0.000000 1.000000
vn 0.000000 0.000000 1.000000
vn 1.000000 0.000000 0.000000
vn 1.000000 0.000000 0.000000
vn 0.000000 0.000000 -1.000000
vn 0.000000 0.000000 -1.000000
vn -1.000000 0.000000 0.000000
vn -1.000000 0.000000 0.000000
vn 0.000000 0.000000 1.000000
vn 0.000000 0.000000 1.000000
vn 1.000000 0.000000 0.000000
vn 1.000000 0.000000 0.000000
vn 0.000000 0.000000 -1.000000
vn 0.000000 0.000000 -1.000000
vn -1.000000 0.000000 0.000000
vn -1.000000 0.000000 0.000000
vn 0.000000 0.000000 1.000000
vn 0.000000 0.000000 1.000000
vn 1.000000 0.000000 0.000000
vn 1.000000 0.000000 0.000000
vn 0.000000 0.000000 -1.000000
vn 0.000000 0.000000 -1.000000
vn -1.000000 0.000000 0.000000
vn -1.000000 0.000000 0.000000
vn 0.000000 0.000000 1.000000
vn 0.000000 0.000000 1.000000
vn 1.000000 0.000000 0.000000
vn 1.000000 0.000000 0.000000
vn 0.000000 0.000000 -1.000000
vn 0.000000 0.000000 -1.000000
vn -1.000000 0.000000 0.000000
vn -1.000000 0.000000 0.000000
vn 0.000000 0.000000 1.000000
vn 0.000000 0.000000 1.000000
vn 1.000000 0.000000 0.000000
vn 1.000000 0.000000 0.000000
vn 0.000000 0.000000 -1.000000
vn 0.000000 0.000000 -1.000000
vn -1.000000 0.000000 0.000000
vn -1.000000 0.000000 0.000000
vn 0.000000 0.000000 1.000000
vn 0.000000 0.000000 1.000000
vn 1.000000 0.000000 0.000000
vn 1.000000 0.000000 0.000000
vn 0.000000 0.000000 -1.000000
vn 0.000000 0.000000 -1.000000
vn -1.000000 0.000000 0.000000
vn -1.000000 0.000000 0.000000
vn 0.000000 0.000000 1.000000
vn 0.000000 0.000000 1.000000
vn 1.000000 0.000000 0.000000
vn 1.000000 0.000000 0.000000
vn 0.000000 0.000000 -1.000000
vn 0.000000 0.000000 -1.000000
vn -1.000000 0.000000 0.000000
vn -1.000000 0.000000 0.000000
vn 0.000000 0.000000 1.000000
vn 0.000000 0.000000 1.000000
vn 1.000000 0.000000 0.000000
vn 1.000000 0.000000 0.000000
vn 0.000000 0.000000 -1.000000
vn 0.000000 0.000000 -1.000000
vn -1.000000 0.000000 0.000000
vn -1.000000 0.000000 0.000000
vn 0.000000 0.000000 1.000000
vn 0.000000 0.000000 1.000000
vn 1.000000 0.000000 0.000000
vn 1.000000 0.000000 0.000000
vn 0.000000 0.000000 -1.000000
vn 0.000000 0.000000 -1.000000
vn -1.000000 0.000000 0.000000
vn -1.000000 0.000000 0.000000
vn 0.000000 0.000000 1.000000
vn 0.000000 0.000000 1.000000
vn 0.000000 0.000000 1.000000
vn 0.000000 0.000000 1.000000
vn 0.000000 0.000000 1.000000
vn 0.000000 0.000000 1.000000
vn 0.000000 0.000000 1.000000
vn 0.000000 0.000000 1.000000
vn 0.000000 0.000000 1.000000
vn 0.000000 0.000000 1.000000
vn 0.000000 0.000000 1.000000
vn 0.000000 0.000000 1.000000
vn 0.000000 0.000000 1.000000
vn 0.000000 0.000000 1.000000
vn 0.000000 0.000000 1.000000
vn 0.000000 0.000000 1.000000
vn 0.000000 0.000000 1.000000
vn 0.000000 0.000000 1.000000
vn 0.000000 0.000000 1.000000
vn 0.000000 0.000000 1.000000
vn 0.000000 0.000000 1.000000
vn 0.000000 0.000000 1.000000
vn 0.000000 0.000000 1.000000
vn 0.000000 0.000000 1.000000
vn 0.000000 0.000000 1.000000
vn 0.000000 0.000000 1.000000
vn 0.000000 0.000000 1.000000
vn 0.000000 0.000000 1.000000
vn 0.000000 1.000000 0.000000
vn 0.000000 1.000000 0.000000
vn 0.000000 1.000000 0.000000
vn 0.000000 1.000000 0.000000
vn 0.000000 1.000000 0.000000
vn 0.000000 1.000000 0.000000
vn 0.000000 1.000000 0.000000
vn 0.000000 1.000000 0.000000
vn 0.000000 1.000000 0.000000
vn 0.000000 1.000000 0.000000
vn 0.000000 1.000000 0.000000
vn 0.000000 1.000000 0.000000
vn 0.000000 1.000000 0.000000
vn 0.000000 1.000000 0.000000
vn 0.000000 1.000000 0.000000
vn 0.000000 1.000000 0.000000
vn 0.000000 1.000000 0.000000
vn 0.000000 1.000000 0.000000
vn 0.000000 1.000000 0.000000
vn 0.000000 1.000000 0.000000
vn 0.000000 1.000000 0.000000
vn 0.000000 1.000000 0.000000
vn 0.000000 1.000000 0.000000
vn 0.000000 1.000000 0.000000
vn 0.000000 1.000000 0.000000
vn 0.000000 1.000000 0.000000
vn 0.000000 1.000000 0.000000
vn 0.000000 1.000000 0.000000
vn 0.000000 0.000000 -1.000000
vn 0.000000 0.000000 -1.000000
vn 0.000000 0.000000 -1.000000
vn 0.000000 0.000000 -1.000000
vn 0.000000 0.000000 -1.000000
vn 0.000000 0.000000 -1.000000
vn 0.000000 0.000000 -1.000000
vn 0.000000 0.000000 -1.000000
vn 0.000000 0.000000 -1.000000
vn 0.000000 0.000000 -1.000000
vn 0.000000 0.000000 -1.000000
vn 0.000000 0.000000 -1.000000
vn 0.000000 0.000000 -1.000000
vn 0.000000 0.000000 -1.000000
vn 0.000000 0.000000 -1.000000
vn 0.000000 0.000000 -1.000000
vn 0.000000 0.000000 -1.000000
vn 0.000000 0.000000 -1.000000
vn 0.000000 0.000000 -1.000000
vn 0.000000 0.000000 -1.000000
vn 0.000000 0.000000 -1.000000
vn 0.000000 0.000000 -1.000000
vn 0.000000 0.000000 -1.000000
vn 0.000000 0.000000 -1.000000
vn 0.000000 0.000000 -1.000000
vn 0.000000 0.000000 -1.000000
vn 0.000000 0.000000 -1.000000
vn 0.000000 0.000000 -1.000000
vn 0.000000 -1.000000 0.000000
vn 0.000000 -1.000000 0.000000
vn 0.000000 -1.000000 0.000000
vn 0.000000 -1.000000 0.000000
vn 0.000000 -1.000000 0.000000
vn 0.000000 -1.000000 0.000000
vn 0.000000 -1.000000 0.000000
vn 0.000000 -1.000000 0.000000
vn 0.000000 -1.000000 0.000000
vn 0.000000 -1.000000 0.000000
vn 0.000000 -1.000000 0.000000
vn 0.000000 -1.000000 0.000000
vn 0.000000 -1.000000 0.000000
vn 0.000000 -1.000000 0.000000
vn 0.000000 -1.000000 0.000000
vn 0.000000 -1.000000 0.000000
vn 0.000000 -1.000000 0.000000
vn 0.000000 -1.000000 0.000000
vn 0.000000 -1.000000 0.000000
vn 0.000000 -1.000000 0.000000
vn 0.000000 -1.000000 0.000000
vn 0.000000 -1.000000 0.000000
vn 0.000000 -1.000000 0.000000
vn 0.000000 -1.000000 0.000000
vn 0.000000 -1.000000 0.000000
vn 0.000000 -1.000000 0.000000
vn 0.000000 -1.000000 0.000000
vn 0.000000 -1.000000 0.000000
vn 1.000000 0.000000 0.000000
vn 1.000000 0.000000 0.000000
vn 1.000000 0.000000 0.000000
vn 1.000000 0.000000 0.000000
vn -1.000000 0.000000 0.000000
vn -1.000000 0.000000 0.000000
vn -1.000000 0.000000 0.000000
vn -1.000000 0.000000 0.000000
vn 0.000000 0.000000 1.000000
vn 0.000000 0.000000 1.000000
vn 0.000000 0.000000 -1.000000
vn 0.000000 0.000000 -1.000000
vn -1.000000 0.000000 0.000000
vn -1.000000 0.000000 0.000000
vn 0.000000 0.000000 1.000000
vn 0.000000 0.000000 -1.000000
vn 0.000000 0.000000 1.000000
vn 0.000000 0.000000 -1.000000
vn 0.000000 0.000000 1.000000
vn 0.000000 0.000000 -1.000000
vn 0.000000 0.000000 1.000000
vn 0.000000 0.000000 -1.000000
vn 0.000000 0.000000 1.000000
vn 0.000000 0.000000 -1.000000
vn 0.000000 0.000000 1.000000
vn 0.000000 0.000000 -1.000000
vn 0.000000 0.000000 1.000000
vn 0.000000 0.000000 -1.000000
vn 0.000000 0.000000 1.000000
vn 0.000000 0.000000 -1.000000
vn 0.000000 0.000000 1.000000
vn 0.000000 0.000000 -1.000000
vn 0.000000 0.000000 1.000000
vn 0.000000 0.000000 -1.000000
vn 0.000000 0.000000 1.000000
vn 0.000000 0.000000 -1.000000
vn 0.000000 0.000000 1.000000
vn 1.000000 0.000000 0.000000
vn 1.000000 0.000000 0.000000
vn 0.000000 0.000000 -1.000000
vn 0.000000 0.000000 1.000000
vn 0.000000 0.000000 1.000000
vn 0.000000 0.000000 -1.000000
vn 0.000000 0.000000 -1.000000
vn -1.000000 0.000000 0.000000
vn -1.000000 0.000000 0.000000
vn 0.000000 0.000000 1.000000
vn 0.000000 0.000000 -1.000000
vn 0.000000 0.000000 1.000000
vn 0.000000 0.000000 -1.000000
vn 0.000000 0.000000 1.000000
vn 0.000000 0.000000 -1.000000
vn 0.000000 0.000000 1.000000
vn 0.000000 0.000000 -1.000000
vn 0.000000 0.000000 1.000000
vn 0.000000 0.000000 -1.000000
vn 0.000000 0.000000 1.000000
vn 0.000000 0.000000 -1.000000
vn 0.000000 0.000000 1.000000
vn 0.000000 0.000000 -1.000000
vn 0.000000 0.000000 1.000000
vn 0.000000 0.000000 -1.000000
vn 0.000000 0.000000 1.000000
vn 0.000000 0.000000 -1.000000
vn 0.000000 0.000000 1.000000
vn 0.000000 0.000000 -1.000000
vn 0.000000 0.000000 1.000000
vn 0.000000 0.000000 -1.000000
vn 0.000000 0.000000 1.000000
vn 1.000000 0.000000 0.000000
vn 1.000000 0.000000 0.000000
vn 0.000000 0.000000 -1.000000
vn 0.000000 0.000000 -1.000000
vn 0.000000 0.000000 -1.000000
vn 0.000000 0.000000 -1.000000
vn 0.000000 0.000000 -1.000000
vn 0.000000 1.000000 0.000000
vn 0.000000 1.000000 0.000000
vn 0.000000 1.000000 0.000000
vn 0.000000 1.000000 0.000000
vn 0.000000 1.000000 0.000000
vn 0.000000 1.000000 0.000000
vn 0.000000 1.000000 0.000000
vn 0.000000 1.000000 0.000000
vn 0.000000 1.000000 0.000000
vn 0.000000 1.000000 0.000000
vn 0.000000 0.000000 1.000000
vn 0.000000 0.000000 1.000000
vn 0.000000 0.000000 1.000000
vn 0.000000 0.000000 1.000000
vn 0.000000 -1.000000 0.000000
vn 0.000000 -1.000000 0.000000
vn 0.000000 -1.000000 0.000000
vn 0.000000 -1.000000 0.000000
vn 0.000000 -1.000000 0.000000
vn 0.000000 -1.000000 0.000000
vn 0.000000 -1.000000 0.000000
vn 0.000000 -1.000000 0.000000
vn 0.000000 -1.000000 0.000000
vn 0.000000 -1.000000 0.000000
vn -1.000000 0.000000 0.000000
vn -1.000000 0.000000 0.000000
vn -1.000000 0.000000 0.000000
vn -1.000000 0.000000 0.000000
vn -1.000000 0.000000 0.000000
vn -1.000000 0.000000 0.000000
vn -1.000000 0.000000 0.000000
vn -1.000000 0.000000 0.000000
vn -1.000000 0.000000 0.000000
vn -1.000000 0.000000 0.000000
vn 1.000000 0.000000 0.000000
vn 1.000000 0.000000 0.000000
vn 1.000000 0.000000 0.000000
vn 1.000000 0.000000 0.000000
vn 1.000000 0.000000 0.000000
vn 1.000000 0.000000 0.000000
vn 1.000000 0.000000 0.000000
vn 1.000000 0.000000 0.000000
vn 1.000000 0.000000 0.000000
vn 1.000000 0.000000 0.000000
vn 0.000000 0.000000 -1.000000
vn 0.000000 0.000000 -1.000000
vn -1.000000 0.000000 0.000000
vn -1.000000 0.000000 0.000000
vn 1.000000 0.000000 0.000000
vn 1.000000 0.000000 0.000000
vn -1.000000 0.000000 0.000000
vn 1.000000 0.000000 0.000000
vn -1.000000 0.000000 0.000000
vn 1.000000 0.000000 0.000000
vn -1.000000 0.000000 0.000000
vn 0.000000 0.000000 1.000000
vn 0.000000 0.000000 1.000000
vn 1.000000 0.000000 0.000000
vn 0.000000 0.000000 -1.000000
vn 0.000000 0.000000 -1.000000
vn -1.000000 0.000000 0.000000
vn -1.000000 0.000000 0.000000
vn 1.000000 0.000000 0.000000
vn 1.000000 0.000000 0.000000
vn -1.000000 0.000000 0.000000
vn 1.000000 0.000000 0.000000
vn -1.000000 0.000000 0.000000
vn 1.000000 0.000000 0.000000
vn -1.000000 0.000000 0.000000
vn 0.000000 0.000000 1.000000
vn 0.000000 0.000000 1.000000
vn 1.000000 0.000000 0.000000
vn 0.003866 -0.007118 -0.999967
vn 0.003866 -0.007118 -0.999967
vn 0.003866 -0.007117 -0.999967
vn 0.003866 -0.007117 -0.999967
vn 0.001656 0.999973 -0.007111
vn 0.001656 0.999973 -0.007111
vn 0.001656 0.999973 -0.007111
vn 0.001656 0.999973 -0.007111
vn -0.003866 0.007118 0.999967
vn -0.003866 0.007118 0.999967
vn -0.003866 0.007118 0.999967
vn -0.003866 0.007118 0.999967
vn -0.001656 -0.999973 0.007111
vn -0.001656 -0.999973 0.007111
vn -0.001656 -0.999973 0.007111
vn -0.001656 -0.999973 0.007111
vn -0.999991 0.001628 -0.003878
vn -0.999991 0.001628 -0.003878
vn -0.999991 0.001628 -0.003878
vn -0.999991 0.001628 -0.003878
vn 0.999991 -0.001632 0.003878
vn 0.999991 -0.001632 0.003878
vn 0.999991 -0.001629 0.003878
vn 0.999991 -0.001629 0.003878
vn 0.003866 -0.007118 -0.999967
vn 0.003866 -0.007118 -0.999967
vn -0.999991 0.001629 -0.003878
vn -0.999991 0.001629 -0.003878
vn -0.003866 0.007118 0.999967
vn -0.003866 0.007118 0.999967
vn 0.999991 -0.001628 0.003878
vn 0.999991 -0.001628 0.003878
vn 0.003866 -0.007118 -0.999967
vn 0.003866 -0.007118 -0.999967
vn -0.999991 0.001629 -0.003878
vn -0.999991 0.001629 -0.003878
vn -0.003866 0.007117 0.999967
vn -0.003866 0.007117 0.999967
vn 0.999991 -0.001628 0.003878
vn 0.999991 -0.001628 0.003878
vn 0.003866 -0.007117 -0.999967
vn 0.003866 -0.007117 -0.999967
vn -0.999991 0.001630 -0.003879
vn -0.999991 0.001630 -0.003879
vn -0.003866 0.007117 0.999967
vn -0.003866 0.007117 0.999967
vn 0.999991 -0.001629 0.003878
vn 0.999991 -0.001629 0.003878
vn 0.003867 -0.007118 -0.999967
vn 0.003867 -0.007118 -0.999967
vn -0.999991 0.001630 -0.003879
vn -0.999991 0.001630 -0.003879
vn -0.003866 0.007117 0.999967
vn -0.003866 0.007117 0.999967
vn 0.999991 -0.001628 0.003878
vn 0.999991 -0.001628 0.003878
vn 0.003867 -0.007118 -0.999967
vn 0.003867 -0.007118 -0.999967
vn -0.999991 0.001629 -0.003879
vn -0.999991 0.001629 -0.003879
vn -0.003866 0.007117 0.999967
vn -0.003866 0.007117 0.999967
vn 0.999991 -0.001628 0.003878
vn 0.999991 -0.001628 0.003878
vn 0.003866 -0.007117 -0.999967
vn 0.003866 -0.007117 -0.999967
vn -0.999991 0.001628 -0.003878
vn -0.999991 0.001628 -0.003878
vn -0.003866 0.007118 0.999967
vn -0.003866 0.007118 0.999967
vn 0.999991 -0.001629 0.003878
vn 0.999991 -0.001629 0.003878
vn 0.003867 -0.007118 -0.999967
vn 0.003867 -0.007118 -0.999967
vn -0.999991 0.001628 -0.003879
vn -0.999991 0.001628 -0.003879
vn -0.003866 0.007118 0.999967
vn -0.003866 0.007118 0.999967
vn 0.999991 -0.001629 0.003878
vn 0.999991 -0.001629 0.003878
vn 0.003867 -0.007118 -0.999967
vn 0.003867 -0.007118 -0.999967
vn -0.999991 0.001629 -0.003879
vn -0.999991 0.001629 -0.003879
vn -0.003866 0.007117 0.999967
vn -0.003866 0.007117 0.999967
vn 0.999991 -0.001629 0.003878
vn 0.999991 -0.001629 0.003878
vn 0.003867 -0.007118 -0.999967
vn 0.003867 -0.007118 -0.999967
vn -0.999991 0.001628 -0.003878
vn -0.999991 0.001628 -0.003878
vn -0.003866 0.007118 0.999967
vn -0.003866 0.007118 0.999967
vn 0.999991 -0.001628 0.003878
vn 0.999991 -0.001628 0.003878
s 1
g polySurface12
usemtl initialShadingGroup
f 727/847/1567 728/848/1568 730/849/1569 729/850/1570
s off
f 767/851/1571 768/852/1572 769/853/1573 770/854/1574
s 2
f 731/855/1575 732/856/1576 734/857/1577 733/858/1578
s off
f 733/858/1579 734/857/1580 728/859/1581 727/860/1582
s 3
f 728/848/1583 734/861/1584 732/862/1585 730/849/1586
s 4
f 733/863/1587 727/847/1588 729/850/1589 731/864/1590
s 1
f 729/850/1570 730/849/1569 736/865/1591 735/866/1592
s 3
f 730/849/1586 732/856/1585 737/867/1593 736/865/1594
s 2
f 732/856/1576 731/855/1575 738/868/1595 737/867/1596
s 4
f 731/855/1590 729/850/1589 735/866/1597 738/868/1598
s 1
f 735/866/1592 736/865/1591 740/869/1599 739/870/1600
s 3
f 736/865/1594 737/867/1593 741/871/1601 740/869/1602
s 2
f 737/867/1596 738/868/1595 742/872/1603 741/871/1604
s 4
f 738/868/1598 735/866/1597 739/870/1605 742/872/1606
s 1
f 739/870/1600 740/869/1599 744/873/1607 743/874/1608
s 3
f 740/869/1602 741/871/1601 745/875/1609 744/873/1610
s 2
f 741/871/1604 742/872/1603 746/876/1611 745/875/1612
s 4
f 742/872/1606 739/870/1605 743/874/1613 746/876/1614
s 1
f 743/874/1608 744/873/1607 748/877/1615 747/878/1616
s 3
f 744/873/1610 745/875/1609 749/879/1617 748/877/1618
s 2
f 745/875/1612 746/876/1611 750/880/1619 749/879/1620
s 4
f 746/876/1614 743/874/1613 747/878/1621 750/880/1622
s 1
f 747/878/1616 748/877/1615 752/881/1623 751/882/1624
s 3
f 748/877/1618 749/879/1617 753/883/1625 752/881/1626
s 2
f 749/879/1620 750/880/1619 754/884/1627 753/883/1628
s 4
f 750/880/1622 747/878/1621 751/882/1629 754/884/1630
s 1
f 751/882/1624 752/881/1623 756/885/1631 755/886/1632
s 3
f 752/881/1626 753/883/1625 757/887/1633 756/885/1634
s 2
f 753/883/1628 754/884/1627 758/888/1635 757/887/1636
s 4
f 754/884/1630 751/882/1629 755/886/1637 758/888/1638
s 1
f 755/886/1632 756/885/1631 760/889/1639 759/890/1640
s 3
f 756/885/1634 757/887/1633 761/891/1641 760/889/1642
s 2
f 757/887/1636 758/888/1635 762/892/1643 761/891/1644
s 4
f 758/888/1638 755/886/1637 759/890/1645 762/892/1646
s 1
f 759/890/1640 760/889/1639 764/893/1647 763/894/1648
s 3
f 760/889/1642 761/891/1641 765/895/1649 764/893/1650
s 2
f 761/891/1644 762/892/1643 766/896/1651 765/895/1652
s 4
f 762/892/1646 759/890/1645 763/894/1653 766/896/1654
s 1
f 763/894/1648 764/893/1647 768/852/1655 767/851/1656
s 3
f 764/893/1650 765/895/1649 769/853/1657 768/852/1658
s 2
f 765/895/1652 766/896/1651 770/854/1659 769/853/1660
s 4
f 766/896/1654 763/894/1653 767/851/1661 770/854/1662
s 5
f 771/897/1663 772/898/1664 774/899/1665 773/900/1666
s off
f 783/901/1667 784/902/1668 785/903/1669 786/904/1670
s 6
f 775/905/1671 776/906/1672 778/907/1673 777/908/1674
s off
f 777/908/1675 778/907/1676 772/909/1677 771/910/1678
s 7
f 772/898/1679 778/911/1680 776/912/1681 774/899/1682
s 8
f 777/913/1683 771/897/1684 773/900/1685 775/914/1686
s 5
f 773/900/1666 774/899/1665 780/915/1687 779/916/1688
s 7
f 774/899/1682 776/906/1681 781/917/1689 780/915/1690
s 6
f 776/906/1672 775/905/1671 782/918/1691 781/917/1692
s 8
f 775/905/1686 773/900/1685 779/916/1693 782/918/1694
s 5
f 779/916/1688 780/915/1687 784/902/1695 783/901/1696
s 7
f 780/915/1690 781/917/1689 785/903/1697 784/902/1698
s 6
f 781/917/1692 782/918/1691 786/904/1699 785/903/1700
s 8
f 782/918/1694 779/916/1693 783/901/1701 786/904/1702
s 9
f 787/919/1703 788/920/1704 790/921/1705 789/922/1706
s off
f 827/923/1707 828/924/1708 829/925/1709 830/926/1710
s 10
f 791/927/1711 792/928/1712 794/929/1713 793/930/1714
s off
f 793/930/1715 794/929/1716 788/931/1717 787/932/1718
s 11
f 788/920/1719 794/933/1720 792/934/1721 790/921/1722
s 12
f 793/935/1723 787/919/1724 789/922/1725 791/936/1726
s 9
f 789/922/1706 790/921/1705 796/937/1727 795/938/1728
s 11
f 790/921/1722 792/928/1721 797/939/1729 796/937/1730
s 10
f 792/928/1712 791/927/1711 798/940/1731 797/939/1732
s 12
f 791/927/1726 789/922/1725 795/938/1733 798/940/1734
s 9
f 795/938/1728 796/937/1727 800/941/1735 799/942/1736
s 11
f 796/937/1730 797/939/1729 801/943/1737 800/941/1738
s 10
f 797/939/1732 798/940/1731 802/944/1739 801/943/1740
s 12
f 798/940/1734 795/938/1733 799/942/1741 802/944/1742
s 9
f 799/942/1736 800/941/1735 804/945/1743 803/946/1744
s 11
f 800/941/1738 801/943/1737 805/947/1745 804/945/1746
s 10
f 801/943/1740 802/944/1739 806/948/1747 805/947/1748
s 12
f 802/944/1742 799/942/1741 803/946/1749 806/948/1750
s 9
f 803/946/1744 804/945/1743 808/949/1751 807/950/1752
s 11
f 804/945/1746 805/947/1745 809/951/1753 808/949/1754
s 10
f 805/947/1748 806/948/1747 810/952/1755 809/951/1756
s 12
f 806/948/1750 803/946/1749 807/950/1757 810/952/1758
s 9
f 807/950/1752 808/949/1751 812/953/1759 811/954/1760
s 11
f 808/949/1754 809/951/1753 813/955/1761 812/953/1762
s 10
f 809/951/1756 810/952/1755 814/956/1763 813/955/1764
s 12
f 810/952/1758 807/950/1757 811/954/1765 814/956/1766
s 9
f 811/954/1760 812/953/1759 816/957/1767 815/958/1768
s 11
f 812/953/1762 813/955/1761 817/959/1769 816/957/1770
s 10
f 813/955/1764 814/956/1763 818/960/1771 817/959/1772
s 12
f 814/956/1766 811/954/1765 815/958/1773 818/960/1774
s 9
f 815/958/1768 816/957/1767 820/961/1775 819/962/1776
s 11
f 816/957/1770 817/959/1769 821/963/1777 820/961/1778
s 10
f 817/959/1772 818/960/1771 822/964/1779 821/963/1780
s 12
f 818/960/1774 815/958/1773 819/962/1781 822/964/1782
s 9
f 819/962/1776 820/961/1775 824/965/1783 823/966/1784
s 11
f 820/961/1778 821/963/1777 825/967/1785 824/965/1786
s 10
f 821/963/1780 822/964/1779 826/968/1787 825/967/1788
s 12
f 822/964/1782 819/962/1781 823/966/1789 826/968/1790
s 9
f 823/966/1784 824/965/1783 828/924/1791 827/923/1792
s 11
f 824/965/1786 825/967/1785 829/925/1793 828/924/1794
s 10
f 825/967/1788 826/968/1787 830/926/1795 829/925/1796
s 12
f 826/968/1790 823/966/1789 827/923/1797 830/926/1798
s 13
f 831/969/1799 832/970/1800 846/971/1801 845/972/1802
f 832/970/1800 833/973/1803 847/974/1804 846/971/1801
f 833/973/1803 834/975/1805 848/976/1806 847/974/1804
f 834/975/1805 835/977/1807 849/978/1808 848/976/1806
f 835/977/1807 836/979/1809 850/980/1810 849/978/1808
f 836/979/1809 837/981/1811 851/982/1812 850/980/1810
f 837/981/1811 838/983/1813 852/984/1814 851/982/1812
f 838/983/1813 839/985/1815 853/986/1816 852/984/1814
f 839/985/1815 840/987/1817 854/988/1818 853/986/1816
f 840/987/1817 841/989/1819 855/990/1820 854/988/1818
f 841/989/1819 842/991/1821 856/992/1822 855/990/1820
f 842/991/1821 843/993/1823 857/994/1824 856/992/1822
f 843/993/1823 844/995/1825 858/996/1826 857/994/1824
s 14
f 915/997/1827 916/998/1828 917/999/1829 918/1000/1830
f 916/998/1828 919/1001/1831 920/1002/1832 917/999/1829
f 919/1001/1831 921/1003/1833 922/1004/1834 920/1002/1832
f 921/1003/1833 923/1005/1835 924/1006/1836 922/1004/1834
f 923/1005/1835 925/1007/1837 926/1008/1838 924/1006/1836
f 925/1007/1837 927/1009/1839 928/1010/1840 926/1008/1838
f 927/1009/1839 929/1011/1841 930/1012/1842 928/1010/1840
f 929/1011/1841 931/1013/1843 932/1014/1844 930/1012/1842
f 931/1013/1843 933/1015/1845 934/1016/1846 932/1014/1844
f 933/1015/1845 935/1017/1847 936/1018/1848 934/1016/1846
f 935/1017/1847 937/1019/1849 938/1020/1850 936/1018/1848
f 937/1019/1849 939/1021/1851 940/1022/1852 938/1020/1850
f 939/1021/1851 941/1023/1853 942/1024/1854 940/1022/1852
s 15
f 859/1025/1855 860/1026/1856 874/1027/1857 873/1028/1858
f 860/1026/1856 861/1029/1859 875/1030/1860 874/1027/1857
f 861/1029/1859 862/1031/1861 876/1032/1862 875/1030/1860
f 862/1031/1861 863/1033/1863 877/1034/1864 876/1032/1862
f 863/1033/1863 864/1035/1865 878/1036/1866 877/1034/1864
f 864/1035/1865 865/1037/1867 879/1038/1868 878/1036/1866
f 865/1037/1867 866/1039/1869 880/1040/1870 879/1038/1868
f 866/1039/1869 867/1041/1871 881/1042/1872 880/1040/1870
f 867/1041/1871 868/1043/1873 882/1044/1874 881/1042/1872
f 868/1043/1873 869/1045/1875 883/1046/1876 882/1044/1874
f 869/1045/1875 870/1047/1877 884/1048/1878 883/1046/1876
f 870/1047/1877 871/1049/1879 885/1050/1880 884/1048/1878
f 871/1049/1879 872/1051/1881 886/1052/1882 885/1050/1880
s 16
f 873/1028/1883 874/1027/1884 832/1053/1885 831/1054/1886
f 874/1027/1884 875/1030/1887 833/1055/1888 832/1053/1885
f 875/1030/1887 876/1032/1889 834/1056/1890 833/1055/1888
f 876/1032/1889 877/1034/1891 835/1057/1892 834/1056/1890
f 877/1034/1891 878/1036/1893 836/1058/1894 835/1057/1892
f 878/1036/1893 879/1038/1895 837/1059/1896 836/1058/1894
f 879/1038/1895 880/1040/1897 838/1060/1898 837/1059/1896
f 880/1040/1897 881/1042/1899 839/1061/1900 838/1060/1898
f 881/1042/1899 882/1044/1901 840/1062/1902 839/1061/1900
f 882/1044/1901 883/1046/1903 841/1063/1904 840/1062/1902
f 883/1046/1903 884/1048/1905 842/1064/1906 841/1063/1904
f 884/1048/1905 885/1050/1907 843/1065/1908 842/1064/1906
f 885/1050/1907 886/1052/1909 844/1066/1910 843/1065/1908
s 17
f 844/995/1911 886/1067/1912 872/1068/1913 858/996/1914
s 18
f 873/1069/1915 831/969/1916 845/972/1917 859/1070/1918
s 13
f 845/972/1802 846/971/1801 888/1071/1919 887/1072/1920
s 15
f 860/1026/1856 859/1025/1855 890/1073/1921 889/1074/1922
s 18
f 859/1025/1918 845/972/1917 887/1072/1923 890/1073/1924
s 13
f 846/971/1801 847/974/1804 891/1075/1925 888/1071/1919
s 15
f 861/1029/1859 860/1026/1856 889/1074/1922 892/1076/1926
s 13
f 847/974/1804 848/976/1806 893/1077/1927 891/1075/1925
s 15
f 862/1031/1861 861/1029/1859 892/1076/1926 894/1078/1928
s 13
f 848/976/1806 849/978/1808 895/1079/1929 893/1077/1927
s 15
f 863/1033/1863 862/1031/1861 894/1078/1928 896/1080/1930
s 13
f 849/978/1808 850/980/1810 897/1081/1931 895/1079/1929
s 15
f 864/1035/1865 863/1033/1863 896/1080/1930 898/1082/1932
s 13
f 850/980/1810 851/982/1812 899/1083/1933 897/1081/1931
s 15
f 865/1037/1867 864/1035/1865 898/1082/1932 900/1084/1934
s 13
f 851/982/1812 852/984/1814 901/1085/1935 899/1083/1933
s 15
f 866/1039/1869 865/1037/1867 900/1084/1934 902/1086/1936
s 13
f 852/984/1814 853/986/1816 903/1087/1937 901/1085/1935
s 15
f 867/1041/1871 866/1039/1869 902/1086/1936 904/1088/1938
s 13
f 853/986/1816 854/988/1818 905/1089/1939 903/1087/1937
s 15
f 868/1043/1873 867/1041/1871 904/1088/1938 906/1090/1940
s 13
f 854/988/1818 855/990/1820 907/1091/1941 905/1089/1939
s 15
f 869/1045/1875 868/1043/1873 906/1090/1940 908/1092/1942
s 13
f 855/990/1820 856/992/1822 909/1093/1943 907/1091/1941
s 15
f 870/1047/1877 869/1045/1875 908/1092/1942 910/1094/1944
s 13
f 856/992/1822 857/994/1824 911/1095/1945 909/1093/1943
s 15
f 871/1049/1879 870/1047/1877 910/1094/1944 912/1096/1946
s 13
f 857/994/1824 858/996/1826 913/1097/1947 911/1095/1945
s 17
f 858/996/1914 872/1051/1913 914/1098/1948 913/1097/1949
s 15
f 872/1051/1881 871/1049/1879 912/1096/1946 914/1098/1950
s 13
f 887/1072/1920 888/1071/1919 916/998/1951 915/997/1952
s 15
f 889/1074/1922 890/1073/1921 918/1000/1953 917/999/1954
s 18
f 890/1073/1924 887/1072/1923 915/997/1955 918/1000/1956
s 13
f 888/1071/1919 891/1075/1925 919/1001/1957 916/998/1951
s 15
f 892/1076/1926 889/1074/1922 917/999/1954 920/1002/1958
s 13
f 891/1075/1925 893/1077/1927 921/1003/1959 919/1001/1957
s 15
f 894/1078/1928 892/1076/1926 920/1002/1958 922/1004/1960
s 13
f 893/1077/1927 895/1079/1929 923/1005/1961 921/1003/1959
s 15
f 896/1080/1930 894/1078/1928 922/1004/1960 924/1006/1962
s 13
f 895/1079/1929 897/1081/1931 925/1007/1963 923/1005/1961
s 15
f 898/1082/1932 896/1080/1930 924/1006/1962 926/1008/1964
s 13
f 897/1081/1931 899/1083/1933 927/1009/1965 925/1007/1963
s 15
f 900/1084/1934 898/1082/1932 926/1008/1964 928/1010/1966
s 13
f 899/1083/1933 901/1085/1935 929/1011/1967 927/1009/1965
s 15
f 902/1086/1936 900/1084/1934 928/1010/1966 930/1012/1968
s 13
f 901/1085/1935 903/1087/1937 931/1013/1969 929/1011/1967
s 15
f 904/1088/1938 902/1086/1936 930/1012/1968 932/1014/1970
s 13
f 903/1087/1937 905/1089/1939 933/1015/1971 931/1013/1969
s 15
f 906/1090/1940 904/1088/1938 932/1014/1970 934/1016/1972
s 13
f 905/1089/1939 907/1091/1941 935/1017/1973 933/1015/1971
s 15
f 908/1092/1942 906/1090/1940 934/1016/1972 936/1018/1974
s 13
f 907/1091/1941 909/1093/1943 937/1019/1975 935/1017/1973
s 15
f 910/1094/1944 908/1092/1942 936/1018/1974 938/1020/1976
s 13
f 909/1093/1943 911/1095/1945 939/1021/1977 937/1019/1975
s 15
f 912/1096/1946 910/1094/1944 938/1020/1976 940/1022/1978
s 13
f 911/1095/1945 913/1097/1947 941/1023/1979 939/1021/1977
s 17
f 913/1097/1949 914/1098/1948 942/1024/1980 941/1023/1981
s 15
f 914/1098/1950 912/1096/1946 940/1022/1978 942/1024/1982
s 19
f 943/1099/1983 944/1100/1984 946/1101/1985 945/1102/1986
s 20
f 973/1103/1987 974/1104/1988 975/1105/1989 976/1106/1990
f 976/1106/1990 975/1105/1989 977/1107/1991 978/1108/1992
f 978/1108/1992 977/1107/1991 979/1109/1993 980/1110/1994
f 980/1110/1994 979/1109/1993 981/1111/1995 982/1112/1996
s 21
f 953/1113/1997 954/1114/1998 956/1115/1999 955/1116/2000
s 22
f 955/1116/2001 956/1115/2002 958/1117/2003 957/1118/2004
f 957/1118/2004 958/1117/2003 960/1119/2005 959/1120/2006
f 959/1120/2006 960/1119/2005 962/1121/2007 961/1122/2008
f 961/1122/2008 962/1121/2007 944/1123/2009 943/1124/2010
s 23
f 958/1125/2011 956/1126/2012 954/1127/2013 952/1128/2014
f 960/1129/2015 958/1125/2011 952/1128/2014 950/1130/2016
f 962/1131/2017 960/1129/2015 950/1130/2016 948/1132/2018
f 944/1100/2019 962/1131/2017 948/1132/2018 946/1101/2020
s 24
f 955/1133/2021 957/1134/2022 951/1135/2023 953/1136/2024
f 957/1134/2022 959/1137/2025 949/1138/2026 951/1135/2023
f 959/1137/2025 961/1139/2027 947/1140/2028 949/1138/2026
f 961/1139/2027 943/1099/2029 945/1102/2030 947/1140/2028
s 19
f 945/1102/1986 946/1101/1985 964/1141/2031 963/1142/2032
s 23
f 946/1101/2020 948/1143/2018 965/1144/2033 964/1141/2034
s 24
f 947/1145/2028 945/1102/2030 963/1142/2035 966/1146/2036
s 23
f 948/1143/2018 950/1147/2016 967/1148/2037 965/1144/2033
s 24
f 949/1149/2026 947/1145/2028 966/1146/2036 968/1150/2038
s 23
f 950/1147/2016 952/1151/2014 969/1152/2039 967/1148/2037
s 24
f 951/1153/2023 949/1149/2026 968/1150/2038 970/1154/2040
s 23
f 952/1151/2014 954/1114/2013 971/1155/2041 969/1152/2039
s 21
f 954/1114/1998 953/1113/1997 972/1156/2042 971/1155/2043
s 24
f 953/1113/2024 951/1153/2023 970/1154/2040 972/1156/2044
s 19
f 963/1142/2032 964/1141/2031 974/1104/2045 973/1103/2046
s 23
f 964/1141/2034 965/1144/2033 975/1105/2047 974/1104/2048
s 24
f 966/1146/2036 963/1142/2035 973/1103/2049 976/1106/2050
s 23
f 965/1144/2033 967/1148/2037 977/1107/2051 975/1105/2047
s 24
f 968/1150/2038 966/1146/2036 976/1106/2050 978/1108/2052
s 23
f 967/1148/2037 969/1152/2039 979/1109/2053 977/1107/2051
s 24
f 970/1154/2040 968/1150/2038 978/1108/2052 980/1110/2054
s 23
f 969/1152/2039 971/1155/2041 981/1111/2055 979/1109/2053
s 21
f 971/1155/2043 972/1156/2042 982/1112/2056 981/1111/2057
s 24
f 972/1156/2044 970/1154/2040 980/1110/2054 982/1112/2058
s 25
f 983/1157/2059 984/1158/2060 986/1159/2061 985/1160/2062
s off
f 1023/1161/2063 1024/1162/2064 1025/1163/2065 1026/1164/2066
s 26
f 987/1165/2067 988/1166/2068 990/1167/2069 989/1168/2070
s off
f 989/1168/2071 990/1167/2072 984/1169/2073 983/1170/2074
s 27
f 984/1158/2075 990/1171/2076 988/1172/2077 986/1159/2078
s 28
f 989/1173/2079 983/1157/2080 985/1160/2081 987/1174/2082
s 25
f 985/1160/2062 986/1159/2061 992/1175/2083 991/1176/2084
s 27
f 986/1159/2078 988/1166/2077 993/1177/2085 992/1175/2086
s 26
f 988/1166/2068 987/1165/2067 994/1178/2087 993/1177/2088
s 28
f 987/1165/2082 985/1160/2081 991/1176/2089 994/1178/2090
s 25
f 991/1176/2084 992/1175/2083 996/1179/2091 995/1180/2092
s 27
f 992/1175/2086 993/1177/2085 997/1181/2093 996/1179/2094
s 26
f 993/1177/2088 994/1178/2087 998/1182/2095 997/1181/2096
s 28
f 994/1178/2090 991/1176/2089 995/1180/2097 998/1182/2098
s 25
f 995/1180/2092 996/1179/2091 1000/1183/2099 999/1184/2100
s 27
f 996/1179/2094 997/1181/2093 1001/1185/2101 1000/1183/2102
s 26
f 997/1181/2096 998/1182/2095 1002/1186/2103 1001/1185/2104
s 28
f 998/1182/2098 995/1180/2097 999/1184/2105 1002/1186/2106
s 25
f 999/1184/2100 1000/1183/2099 1004/1187/2107 1003/1188/2108
s 27
f 1000/1183/2102 1001/1185/2101 1005/1189/2109 1004/1187/2110
s 26
f 1001/1185/2104 1002/1186/2103 1006/1190/2111 1005/1189/2112
s 28
f 1002/1186/2106 999/1184/2105 1003/1188/2113 1006/1190/2114
s 25
f 1003/1188/2108 1004/1187/2107 1008/1191/2115 1007/1192/2116
s 27
f 1004/1187/2110 1005/1189/2109 1009/1193/2117 1008/1191/2118
s 26
f 1005/1189/2112 1006/1190/2111 1010/1194/2119 1009/1193/2120
s 28
f 1006/1190/2114 1003/1188/2113 1007/1192/2121 1010/1194/2122
s 25
f 1007/1192/2116 1008/1191/2115 1012/1195/2123 1011/1196/2124
s 27
f 1008/1191/2118 1009/1193/2117 1013/1197/2125 1012/1195/2126
s 26
f 1009/1193/2120 1010/1194/2119 1014/1198/2127 1013/1197/2128
s 28
f 1010/1194/2122 1007/1192/2121 1011/1196/2129 1014/1198/2130
s 25
f 1011/1196/2124 1012/1195/2123 1016/1199/2131 1015/1200/2132
s 27
f 1012/1195/2126 1013/1197/2125 1017/1201/2133 1016/1199/2134
s 26
f 1013/1197/2128 1014/1198/2127 1018/1202/2135 1017/1201/2136
s 28
f 1014/1198/2130 1011/1196/2129 1015/1200/2137 1018/1202/2138
s 25
f 1015/1200/2132 1016/1199/2131 1020/1203/2139 1019/1204/2140
s 27
f 1016/1199/2134 1017/1201/2133 1021/1205/2141 1020/1203/2142
s 26
f 1017/1201/2136 1018/1202/2135 1022/1206/2143 1021/1205/2144
s 28
f 1018/1202/2138 1015/1200/2137 1019/1204/2145 1022/1206/2146
s 25
f 1019/1204/2140 1020/1203/2139 1024/1162/2147 1023/1161/2148
s 27
f 1020/1203/2142 1021/1205/2141 1025/1163/2149 1024/1162/2150
s 26
f 1021/1205/2144 1022/1206/2143 1026/1164/2151 1025/1163/2152
s 28
f 1022/1206/2146 1019/1204/2145 1023/1161/2153 1026/1164/2154
g default
v 9.942371 5.267591 -11.470964
v 10.642368 5.267591 -11.470964
v 11.342370 5.267591 -11.470964
v 12.042370 5.267591 -11.470964
v 12.742371 5.267591 -11.470964
v 13.442371 5.267591 -11.470964
v 14.142370 5.267591 -11.470964
v 14.842370 5.267591 -11.470964
v 15.542371 5.267591 -11.470964
v 16.242371 5.267591 -11.470964
v 16.942371 5.267591 -11.470964
v 17.642371 5.267591 -11.470964
v 18.342371 5.267591 -11.470964
v 19.042370 5.267591 -11.470964
v 9.942371 5.967591 -11.470964
v 10.642368 5.967591 -11.470964
v 13.442371 5.967591 -11.470964
v 14.142370 5.967591 -11.470964
v 19.042370 5.967591 -11.470964
v 9.942371 5.967591 -12.470964
v 10.642368 5.967591 -12.470964
v 11.342370 5.967591 -12.470964
v 12.042370 5.967591 -12.470964
v 12.742371 5.967591 -12.470964
v 13.442371 5.967591 -12.470964
v 14.142370 5.967591 -12.470964
v 14.842370 5.967591 -12.470964
v 15.542371 5.967591 -12.470964
v 16.242371 5.967591 -12.470964
v 16.942371 5.967591 -12.470964
v 17.642371 5.967591 -12.470964
v 18.342371 5.967591 -12.470964
v 19.042370 5.967591 -12.470964
v 9.942371 5.267591 -12.470964
v 10.642368 5.267591 -12.470964
v 11.342370 5.267591 -12.470964
v 12.042370 5.267591 -12.470964
v 12.742371 5.267591 -12.470964
v 13.442371 5.267591 -12.470964
v 14.142370 5.267591 -12.470964
v 14.842370 5.267591 -12.470964
v 15.542371 5.267591 -12.470964
v 16.242371 5.267591 -12.470964
v 16.942371 5.267591 -12.470964
v 17.642371 5.267591 -12.470964
v 18.342371 5.267591 -12.470964
v 19.042370 5.267591 -12.470964
v 10.642368 5.267591 -11.470964
v 11.342370 5.267591 -11.470964
v 11.342370 5.967591 -11.470964
v 10.642368 5.967591 -11.470964
v 12.042370 5.267591 -11.470964
v 12.042370 5.967591 -11.470964
v 12.742371 5.267591 -11.470964
v 12.742371 5.967591 -11.470964
v 13.442371 5.267591 -11.470964
v 13.442371 5.967591 -11.470964
v 14.142370 5.267591 -11.470964
v 14.842370 5.267591 -11.470964
v 14.842370 5.967591 -11.470964
v 14.142370 5.967591 -11.470964
v 15.542371 5.267591 -11.470964
v 15.542371 5.967591 -11.470964
v 16.242371 5.267591 -11.470964
v 16.242371 5.967591 -11.470964
v 16.942371 5.267591 -11.470964
v 16.942371 5.967591 -11.470964
v 17.642371 5.267591 -11.470964
v 17.642371 5.967591 -11.470964
v 18.342371 5.267591 -11.470964
v 18.342371 5.967591 -11.470964
v 19.042370 5.267591 -11.470964
v 19.042370 5.967591 -11.470964
v 9.942371 5.967591 -11.470964
v 10.642368 5.967591 -12.470964
v 9.942371 5.967591 -12.470964
v 11.342370 5.967591 -12.470964
v 12.042370 5.967591 -12.470964
v 12.742371 5.967591 -12.470964
v 13.442371 5.967591 -12.470964
v 14.142370 5.967591 -12.470964
v 14.842370 5.967591 -12.470964
v 15.542371 5.967591 -12.470964
v 16.242371 5.967591 -12.470964
v 16.942371 5.967591 -12.470964
v 17.642371 5.967591 -12.470964
v 18.342371 5.967591 -12.470964
v 19.042370 5.967591 -12.470964
v 9.942371 5.967591 -11.470964
v 10.642368 5.967591 -11.470964
v 10.642368 5.967591 -12.470964
v 9.942371 5.967591 -12.470964
v 11.342370 5.967591 -11.470964
v 11.342370 5.967591 -12.470964
v 12.042370 5.967591 -11.470964
v 12.042370 5.967591 -12.470964
v 12.742371 5.967591 -11.470964
v 12.742371 5.967591 -12.470964
v 13.442371 5.967591 -11.470964
v 13.442371 5.967591 -12.470964
v 14.142370 5.967591 -11.470964
v 14.142370 5.967591 -12.470964
v 14.842370 5.967591 -11.470964
v 14.842370 5.967591 -12.470964
v 15.542371 5.967591 -11.470964
v 15.542371 5.967591 -12.470964
v 16.242371 5.967591 -11.470964
v 16.242371 5.967591 -12.470964
v 16.942371 5.967591 -11.470964
v 16.942371 5.967591 -12.470964
v 17.642371 5.967591 -11.470964
v 17.642371 5.967591 -12.470964
v 18.342371 5.967591 -11.470964
v 18.342371 5.967591 -12.470964
v 19.042370 5.967591 -11.470964
v 19.042370 5.967591 -12.470964
v 9.942371 6.667591 -11.470964
v 10.642368 6.667591 -11.470964
v 10.642368 6.667591 -12.470964
v 9.942371 6.667591 -12.470964
v 11.342370 6.667591 -11.470964
v 11.342370 6.667591 -12.470964
v 12.042370 6.667591 -11.470964
v 12.042370 6.667591 -12.470964
v 12.742371 6.667591 -11.470964
v 12.742371 6.667591 -12.470964
v 13.442371 6.667591 -11.470964
v 13.442371 6.667591 -12.470964
v 14.142370 6.667591 -11.470964
v 14.142370 6.667591 -12.470964
v 14.842370 6.667591 -11.470964
v 14.842370 6.667591 -12.470964
v 15.542371 6.667591 -11.470964
v 15.542371 6.667591 -12.470964
v 16.242371 6.667591 -11.470964
v 16.242371 6.667591 -12.470964
v 16.942371 6.667591 -11.470964
v 16.942371 6.667591 -12.470964
v 17.642371 6.667591 -11.470964
v 17.642371 6.667591 -12.470964
v 18.342371 6.667591 -11.470964
v 18.342371 6.667591 -12.470964
v 19.042370 6.667591 -11.470964
v 19.042370 6.667591 -12.470964
v 9.942371 6.967591 -11.470964
v 10.642368 6.967591 -11.470964
v 10.642368 6.967591 -12.470964
v 9.942371 6.967591 -12.470964
v 11.342370 6.967591 -11.470964
v 11.342370 6.967591 -12.470964
v 12.042370 6.967591 -11.470964
v 12.042370 6.967591 -12.470964
v 12.742371 6.967591 -11.470964
v 12.742371 6.967591 -12.470964
v 13.442371 6.967591 -11.470964
v 13.442371 6.967591 -12.470964
v 14.142370 6.967591 -11.470964
v 14.142370 6.967591 -12.470964
v 14.842370 6.967591 -11.470964
v 14.842370 6.967591 -12.470964
v 15.542371 6.967591 -11.470964
v 15.542371 6.967591 -12.470964
v 16.242371 6.967591 -11.470964
v 16.242371 6.967591 -12.470964
v 16.942371 6.967591 -11.470964
v 16.942371 6.967591 -12.470964
v 17.642371 6.967591 -11.470964
v 17.642371 6.967591 -12.470964
v 18.342371 6.967591 -11.470964
v 18.342371 6.967591 -12.470964
v 19.042370 6.967591 -11.470964
v 19.042370 6.967591 -12.470964
v 9.942371 5.967591 -12.470964
v 10.642368 5.967591 -12.470964
v 10.642368 5.267591 -12.470964
v 9.942371 5.267591 -12.470964
v 9.942371 5.967591 -12.470964
v 10.642368 5.967591 -12.470964
v 9.942371 6.667591 -12.470964
v 10.642368 6.667591 -12.470964
v 9.942371 6.967591 -12.470964
v 10.642368 6.967591 -12.470964
v 9.942371 5.967591 -13.920964
v 10.642368 5.967591 -13.920964
v 10.642368 5.267591 -13.920964
v 9.942371 5.267591 -13.920964
v 9.942371 5.967591 -13.920964
v 10.642368 5.967591 -13.920964
v 9.942371 6.667591 -13.920964
v 10.642368 6.667591 -13.920964
v 9.942371 6.967591 -13.920964
v 10.642368 6.967591 -13.920964
v 10.942369 5.967591 -12.470964
v 10.942369 5.267591 -12.470964
v 10.942369 5.267591 -13.920964
v 10.942369 5.967591 -13.920964
v 10.942369 5.967591 -12.470964
v 10.942369 6.667591 -12.470964
v 10.942369 5.967591 -13.920964
v 10.942369 6.667591 -13.920964
v 10.942369 6.967591 -12.470964
v 10.942369 6.967591 -13.920965
vt 0.375000 0.000000
vt 0.394231 0.000000
vt 0.394231 0.250000
vt 0.375000 0.250000
vt 0.394231 0.000000
vt 0.413462 0.000000
vt 0.413462 0.250000
vt 0.394231 0.250000
vt 0.432692 0.000000
vt 0.432692 0.250000
vt 0.451923 0.000000
vt 0.451923 0.250000
vt 0.471154 0.000000
vt 0.471154 0.250000
vt 0.471154 0.000000
vt 0.490385 0.000000
vt 0.490385 0.250000
vt 0.471154 0.250000
vt 0.490385 0.000000
vt 0.509615 0.000000
vt 0.509615 0.250000
vt 0.490385 0.250000
vt 0.528846 0.000000
vt 0.528846 0.250000
vt 0.548077 0.000000
vt 0.548077 0.250000
vt 0.567308 0.000000
vt 0.567308 0.250000
vt 0.586539 0.000000
vt 0.586539 0.250000
vt 0.605769 0.000000
vt 0.605769 0.250000
vt 0.625000 0.000000
vt 0.625000 0.250000
vt 0.375000 0.250000
vt 0.394231 0.250000
vt 0.394231 0.500000
vt 0.375000 0.500000
vt 0.413462 0.250000
vt 0.413462 0.500000
vt 0.432692 0.250000
vt 0.432692 0.500000
vt 0.451923 0.250000
vt 0.451923 0.500000
vt 0.471154 0.250000
vt 0.471154 0.500000
vt 0.490385 0.250000
vt 0.490385 0.500000
vt 0.509615 0.250000
vt 0.509615 0.500000
vt 0.528846 0.250000
vt 0.528846 0.500000
vt 0.548077 0.250000
vt 0.548077 0.500000
vt 0.567308 0.250000
vt 0.567308 0.500000
vt 0.586539 0.250000
vt 0.586539 0.500000
vt 0.605769 0.250000
vt 0.605769 0.500000
vt 0.625000 0.250000
vt 0.625000 0.500000
vt 0.375000 0.500000
vt 0.394231 0.500000
vt 0.394231 0.750000
vt 0.375000 0.750000
vt 0.394231 0.500000
vt 0.413462 0.500000
vt 0.413462 0.750000
vt 0.394231 0.750000
vt 0.432692 0.500000
vt 0.432692 0.750000
vt 0.451923 0.500000
vt 0.451923 0.750000
vt 0.471154 0.500000
vt 0.471154 0.750000
vt 0.490385 0.500000
vt 0.490385 0.750000
vt 0.509615 0.500000
vt 0.509615 0.750000
vt 0.528846 0.500000
vt 0.528846 0.750000
vt 0.548077 0.500000
vt 0.548077 0.750000
vt 0.567308 0.500000
vt 0.567308 0.750000
vt 0.586539 0.500000
vt 0.586539 0.750000
vt 0.605769 0.500000
vt 0.605769 0.750000
vt 0.625000 0.500000
vt 0.625000 0.750000
vt 0.375000 0.750000
vt 0.394231 1.000000
vt 0.375000 1.000000
vt 0.413462 1.000000
vt 0.432692 1.000000
vt 0.451923 1.000000
vt 0.471154 1.000000
vt 0.490385 1.000000
vt 0.509615 1.000000
vt 0.528846 1.000000
vt 0.548077 1.000000
vt 0.567308 1.000000
vt 0.586539 1.000000
vt 0.605769 1.000000
vt 0.625000 1.000000
vt 0.625000 0.000000
vt 0.875000 0.000000
vt 0.875000 0.250000
vt 0.625000 0.250000
vt 0.125000 0.000000
vt 0.125000 0.250000
vt 0.413462 0.000000
vt 0.432692 0.000000
vt 0.451923 0.000000
vt 0.509615 0.000000
vt 0.528846 0.000000
vt 0.548077 0.000000
vt 0.567308 0.000000
vt 0.586539 0.000000
vt 0.605769 0.000000
vt 0.375000 0.250000
vt 0.375000 0.500000
vt 0.375000 0.500000
vt 0.394231 0.500000
vt 0.413462 0.500000
vt 0.432692 0.500000
vt 0.451923 0.500000
vt 0.471154 0.500000
vt 0.490385 0.500000
vt 0.509615 0.500000
vt 0.528846 0.500000
vt 0.548077 0.500000
vt 0.567308 0.500000
vt 0.586539 0.500000
vt 0.605769 0.500000
vt 0.625000 0.500000
vt 0.394231 0.250000
vt 0.375000 0.250000
vt 0.375000 0.500000
vt 0.394231 0.500000
vt 0.413462 0.250000
vt 0.413462 0.500000
vt 0.432692 0.250000
vt 0.432692 0.500000
vt 0.451923 0.250000
vt 0.451923 0.500000
vt 0.471154 0.250000
vt 0.471154 0.500000
vt 0.490385 0.250000
vt 0.490385 0.500000
vt 0.509615 0.250000
vt 0.509615 0.500000
vt 0.528846 0.250000
vt 0.528846 0.500000
vt 0.548077 0.250000
vt 0.548077 0.500000
vt 0.567308 0.250000
vt 0.567308 0.500000
vt 0.586539 0.250000
vt 0.586539 0.500000
vt 0.605769 0.250000
vt 0.605769 0.500000
vt 0.625000 0.250000
vt 0.625000 0.500000
vt 0.394231 0.250000
vt 0.375000 0.250000
vt 0.394231 0.500000
vt 0.375000 0.500000
vt 0.375000 0.500000
vt 0.394231 0.500000
vt 0.375000 0.500000
vt 0.413462 0.250000
vt 0.394231 0.500000
vt 0.413462 0.500000
vt 0.432692 0.250000
vt 0.432692 0.500000
vt 0.451923 0.250000
vt 0.451923 0.500000
vt 0.471154 0.250000
vt 0.471154 0.500000
vt 0.490385 0.250000
vt 0.490385 0.500000
vt 0.509615 0.250000
vt 0.509615 0.500000
vt 0.528846 0.250000
vt 0.528846 0.500000
vt 0.548077 0.250000
vt 0.548077 0.500000
vt 0.567308 0.250000
vt 0.567308 0.500000
vt 0.586539 0.250000
vt 0.586539 0.500000
vt 0.605769 0.250000
vt 0.605769 0.500000
vt 0.625000 0.250000
vt 0.625000 0.500000
vt 0.375000 0.500000
vt 0.394231 0.500000
vt 0.394231 0.500000
vt 0.375000 0.500000
vt 0.394231 0.750000
vt 0.375000 0.750000
vt 0.375000 0.500000
vt 0.394231 0.500000
vt 0.375000 0.500000
vt 0.394231 0.500000
vt 0.375000 0.500000
vt 0.394231 0.500000
vt 0.394231 0.500000
vt 0.394231 0.750000
vt 0.394231 0.750000
vt 0.394231 0.500000
vt 0.394231 0.500000
vt 0.394231 0.500000
vt 0.394231 0.500000
vt 0.394231 0.500000
vt 0.394231 0.500000
vt 0.394231 0.500000
vn 0.000000 0.000000 1.000000
vn 0.000000 0.000000 1.000000
vn 0.000000 0.000000 1.000000
vn 0.000000 0.000000 1.000000
vn 0.000000 0.000000 1.000000
vn 0.000000 0.000000 1.000000
vn 0.000000 0.000000 1.000000
vn 0.000000 0.000000 1.000000
vn 0.000000 0.000000 1.000000
vn 0.000000 0.000000 1.000000
vn 0.000000 0.000000 1.000000
vn 0.000000 0.000000 1.000000
vn 0.000000 0.000000 1.000000
vn 0.000000 0.000000 1.000000
vn 0.000000 0.000000 1.000000
vn 0.000000 0.000000 1.000000
vn 0.000000 0.000000 1.000000
vn 0.000000 0.000000 1.000000
vn 0.000000 0.000000 1.000000
vn 0.000000 0.000000 1.000000
vn 0.000000 0.000000 1.000000
vn 0.000000 0.000000 1.000000
vn 0.000000 0.000000 1.000000
vn 0.000000 0.000000 1.000000
vn 0.000000 0.000000 1.000000
vn 0.000000 0.000000 1.000000
vn 0.000000 0.000000 1.000000
vn 0.000000 0.000000 1.000000
vn 0.000000 0.000000 1.000000
vn 0.000000 0.000000 1.000000
vn 0.000000 0.000000 1.000000
vn 0.000000 0.000000 1.000000
vn 0.000000 0.000000 1.000000
vn 0.000000 0.000000 1.000000
vn 0.000000 1.000000 0.000000
vn 0.000000 1.000000 0.000000
vn 0.000000 1.000000 0.000000
vn 0.000000 1.000000 0.000000
vn 0.000000 1.000000 0.000000
vn 0.000000 1.000000 0.000000
vn 0.000000 1.000000 0.000000
vn 0.000000 1.000000 0.000000
vn 0.000000 1.000000 0.000000
vn 0.000000 1.000000 0.000000
vn 0.000000 1.000000 0.000000
vn 0.000000 1.000000 0.000000
vn 0.000000 1.000000 0.000000
vn 0.000000 1.000000 0.000000
vn 0.000000 1.000000 0.000000
vn 0.000000 1.000000 0.000000
vn 0.000000 1.000000 0.000000
vn 0.000000 1.000000 0.000000
vn 0.000000 1.000000 0.000000
vn 0.000000 1.000000 0.000000
vn 0.000000 1.000000 0.000000
vn 0.000000 1.000000 0.000000
vn 0.000000 1.000000 0.000000
vn 0.000000 1.000000 0.000000
vn 0.000000 1.000000 0.000000
vn 0.000000 1.000000 0.000000
vn 0.000000 1.000000 0.000000
vn 0.000000 1.000000 0.000000
vn 0.000000 0.000000 -1.000000
vn 0.000000 0.000000 -1.000000
vn 0.000000 0.000000 -1.000000
vn 0.000000 0.000000 -1.000000
vn 0.000000 0.000000 -1.000000
vn 0.000000 0.000000 -1.000000
vn 0.000000 0.000000 -1.000000
vn 0.000000 0.000000 -1.000000
vn 0.000000 0.000000 -1.000000
vn 0.000000 0.000000 -1.000000
vn 0.000000 0.000000 -1.000000
vn 0.000000 0.000000 -1.000000
vn 0.000000 0.000000 -1.000000
vn 0.000000 0.000000 -1.000000
vn 0.000000 0.000000 -1.000000
vn 0.000000 0.000000 -1.000000
vn 0.000000 0.000000 -1.000000
vn 0.000000 0.000000 -1.000000
vn 0.000000 0.000000 -1.000000
vn 0.000000 0.000000 -1.000000
vn 0.000000 0.000000 -1.000000
vn 0.000000 0.000000 -1.000000
vn 0.000000 0.000000 -1.000000
vn 0.000000 0.000000 -1.000000
vn 0.000000 0.000000 -1.000000
vn 0.000000 0.000000 -1.000000
vn 0.000000 0.000000 -1.000000
vn 0.000000 0.000000 -1.000000
vn 0.000000 0.000000 -1.000000
vn 0.000000 0.000000 -1.000000
vn 0.000000 -1.000000 0.000000
vn 0.000000 -1.000000 0.000000
vn 0.000000 -1.000000 0.000000
vn 0.000000 -1.000000 0.000000
vn 0.000000 -1.000000 0.000000
vn 0.000000 -1.000000 0.000000
vn 0.000000 -1.000000 0.000000
vn 0.000000 -1.000000 0.000000
vn 0.000000 -1.000000 0.000000
vn 0.000000 -1.000000 0.000000
vn 0.000000 -1.000000 0.000000
vn 0.000000 -1.000000 0.000000
vn 0.000000 -1.000000 0.000000
vn 0.000000 -1.000000 0.000000
vn 0.000000 -1.000000 0.000000
vn 0.000000 -1.000000 0.000000
vn 0.000000 -1.000000 0.000000
vn 0.000000 -1.000000 0.000000
vn 0.000000 -1.000000 0.000000
vn 0.000000 -1.000000 0.000000
vn 0.000000 -1.000000 0.000000
vn 0.000000 -1.000000 0.000000
vn 0.000000 -1.000000 0.000000
vn 0.000000 -1.000000 0.000000
vn 0.000000 -1.000000 0.000000
vn 0.000000 -1.000000 0.000000
vn 0.000000 -1.000000 0.000000
vn 0.000000 -1.000000 0.000000
vn 1.000000 0.000000 0.000000
vn 1.000000 0.000000 0.000000
vn 1.000000 0.000000 0.000000
vn 1.000000 0.000000 0.000000
vn -1.000000 0.000000 0.000000
vn -1.000000 0.000000 0.000000
vn -1.000000 0.000000 0.000000
vn -1.000000 0.000000 0.000000
vn 0.000000 0.000000 0.000000
vn 0.000000 0.000000 0.000000
vn 0.000000 0.000000 0.000000
vn 0.000000 0.000000 0.000000
vn 0.000000 0.000000 0.000000
vn 0.000000 0.000000 0.000000
vn 0.000000 0.000000 0.000000
vn 0.000000 0.000000 0.000000
vn 0.000000 0.000000 0.000000
vn 0.000000 0.000000 0.000000
vn 0.000000 0.000000 0.000000
vn 0.000000 0.000000 0.000000
vn 0.000000 0.000000 0.000000
vn 0.000000 0.000000 0.000000
vn 0.000000 0.000000 0.000000
vn 0.000000 0.000000 0.000000
vn 0.000000 0.000000 0.000000
vn 0.000000 0.000000 0.000000
vn 0.000000 0.000000 0.000000
vn 0.000000 0.000000 0.000000
vn 0.000000 0.000000 0.000000
vn 0.000000 0.000000 0.000000
vn 0.000000 0.000000 0.000000
vn 0.000000 0.000000 0.000000
vn 0.000000 0.000000 0.000000
vn 0.000000 0.000000 0.000000
vn 0.000000 0.000000 0.000000
vn 0.000000 0.000000 0.000000
vn 0.000000 0.000000 0.000000
vn 0.000000 0.000000 0.000000
vn 0.000000 0.000000 0.000000
vn 0.000000 0.000000 0.000000
vn 0.000000 0.000000 0.000000
vn 0.000000 0.000000 0.000000
vn 0.000000 0.000000 0.000000
vn 0.000000 0.000000 0.000000
vn 0.000000 0.000000 0.000000
vn 0.000000 0.000000 0.000000
vn 0.000000 0.000000 0.000000
vn 0.000000 0.000000 0.000000
vn 0.000000 0.000000 0.000000
vn 0.000000 0.000000 0.000000
vn 0.000000 0.000000 0.000000
vn 0.000000 0.000000 0.000000
vn 0.000000 0.000000 0.000000
vn 0.000000 0.000000 0.000000
vn 0.000000 0.000000 0.000000
vn 0.000000 0.000000 0.000000
vn 0.000000 0.000000 0.000000
vn 0.000000 0.000000 0.000000
vn 0.000000 0.000000 0.000000
vn 0.000000 0.000000 0.000000
vn 0.000000 0.000000 0.000000
vn 0.000000 0.000000 0.000000
vn 0.000000 0.000000 0.000000
vn 0.000000 0.000000 0.000000
vn 0.000000 0.000000 0.000000
vn 0.000000 0.000000 0.000000
vn 0.000000 0.000000 0.000000
vn 0.000000 0.000000 0.000000
vn 0.000000 0.000000 0.000000
vn 0.000000 0.000000 0.000000
vn 0.000000 0.000000 0.000000
vn 0.000000 0.000000 0.000000
vn 0.000000 0.000000 0.000000
vn 0.000000 0.000000 0.000000
vn 0.000000 0.000000 0.000000
vn 0.000000 0.000000 0.000000
vn 0.000000 0.000000 0.000000
vn 0.000000 0.000000 0.000000
vn 0.000000 0.000000 0.000000
vn 0.000000 0.000000 0.000000
vn 0.000000 0.000000 0.000000
vn 0.000000 0.000000 0.000000
vn 0.000000 0.000000 0.000000
vn 0.000000 0.000000 0.000000
vn 0.000000 0.000000 0.000000
vn 0.000000 0.000000 0.000000
vn 0.000000 0.000000 0.000000
vn 0.000000 0.000000 0.000000
vn 0.000000 0.000000 0.000000
vn 0.000000 0.000000 0.000000
vn 0.000000 0.000000 0.000000
vn 0.000000 0.000000 0.000000
vn 0.000000 0.000000 0.000000
vn 0.000000 0.000000 0.000000
vn 0.000000 0.000000 0.000000
vn 0.000000 0.000000 0.000000
vn 0.000000 0.000000 0.000000
vn 0.000000 0.000000 0.000000
vn 0.000000 0.000000 0.000000
vn 0.000000 0.000000 0.000000
vn 0.000000 0.000000 0.000000
vn 0.000000 0.000000 0.000000
vn 0.000000 0.000000 0.000000
vn 0.000000 0.000000 0.000000
vn 0.000000 0.000000 0.000000
vn 0.000000 0.000000 0.000000
vn 0.000000 0.000000 0.000000
vn 0.000000 0.000000 0.000000
vn 0.000000 0.000000 0.000000
vn 0.000000 0.000000 0.000000
vn 0.000000 0.000000 0.000000
vn 0.000000 0.000000 0.000000
vn 0.000000 0.000000 0.000000
vn 0.000000 0.000000 0.000000
vn 0.000000 0.000000 0.000000
vn 0.000000 0.000000 0.000000
vn 0.000000 0.000000 0.000000
vn 0.000000 0.000000 0.000000
vn 0.000000 0.000000 0.000000
vn 0.000000 0.000000 0.000000
vn 0.000000 0.000000 0.000000
vn 0.000000 0.000000 0.000000
vn 0.000000 0.000000 0.000000
vn 0.000000 0.000000 0.000000
vn 0.000000 0.000000 0.000000
vn 0.000000 0.000000 0.000000
vn 0.000000 0.000000 0.000000
vn 0.000000 0.000000 0.000000
vn 0.000000 0.000000 0.000000
vn 0.000000 0.000000 0.000000
vn 0.000000 0.000000 0.000000
vn 0.000000 0.000000 0.000000
vn 0.000000 0.000000 0.000000
vn 0.000000 0.000000 0.000000
vn 0.000000 0.000000 0.000000
vn 0.000000 0.000000 0.000000
vn 0.000000 0.000000 0.000000
vn 0.000000 0.000000 0.000000
vn 0.000000 0.000000 0.000000
vn 0.000000 0.000000 0.000000
vn 0.000000 0.000000 0.000000
vn 0.000000 0.000000 0.000000
vn 0.000000 0.000000 0.000000
vn 0.000000 0.000000 0.000000
vn 0.000000 0.000000 0.000000
vn 0.000000 0.000000 0.000000
vn 0.000000 0.000000 0.000000
vn 0.000000 0.000000 0.000000
vn 0.000000 0.000000 0.000000
vn 0.000000 0.000000 0.000000
vn 0.000000 0.000000 0.000000
vn 0.000000 0.000000 0.000000
vn 0.000000 0.000000 0.000000
vn 0.000000 0.000000 0.000000
vn 0.000000 0.000000 0.000000
vn 0.000000 0.000000 0.000000
vn 0.000000 0.000000 0.000000
vn 0.000000 0.000000 0.000000
vn 0.000000 0.000000 0.000000
vn 0.000000 0.000000 0.000000
vn 0.000000 0.000000 0.000000
vn 0.000000 0.000000 0.000000
vn 0.000000 0.000000 0.000000
vn 0.000000 0.000000 0.000000
vn 0.000000 0.000000 0.000000
vn 0.000000 0.000000 0.000000
vn 0.000000 0.000000 0.000000
vn 0.000000 0.000000 0.000000
vn 0.000000 0.000000 0.000000
vn 0.000000 0.000000 0.000000
vn 0.000000 0.000000 0.000000
vn 0.000000 0.000000 0.000000
vn 0.000000 0.000000 0.000000
vn 0.000000 0.000000 0.000000
vn 0.000000 0.000000 0.000000
vn 0.000000 0.000000 0.000000
vn 0.000000 0.000000 0.000000
vn 0.000000 0.000000 0.000000
vn 0.000000 0.000000 0.000000
vn 0.000000 0.000000 0.000000
vn 0.000000 0.000000 0.000000
vn 0.000000 0.000000 0.000000
vn 0.000000 0.000000 0.000000
vn 0.000000 0.000000 0.000000
vn 0.000000 0.000000 0.000000
vn 0.000000 0.000000 0.000000
vn 0.000000 0.000000 0.000000
vn 0.000000 0.000000 0.000000
vn 0.000000 0.000000 0.000000
vn 0.000000 0.000000 0.000000
vn 0.000000 0.000000 0.000000
vn 0.000000 0.000000 0.000000
vn 0.000000 0.000000 0.000000
vn 0.000000 0.000000 0.000000
vn 0.000000 0.000000 0.000000
vn 0.000000 0.000000 0.000000
vn 0.000000 0.000000 0.000000
vn 0.000000 0.000000 0.000000
vn 0.000000 0.000000 0.000000
vn 0.000000 0.000000 0.000000
vn 0.000000 0.000000 0.000000
vn 0.000000 0.000000 0.000000
vn 0.000000 0.000000 0.000000
vn 0.000000 0.000000 0.000000
vn 0.000000 0.000000 0.000000
vn 0.000000 0.000000 0.000000
vn 0.000000 0.000000 0.000000
vn 0.000000 0.000000 0.000000
vn 0.000000 0.000000 0.000000
vn 0.000000 0.000000 0.000000
vn 0.000000 0.000000 0.000000
vn 0.000000 0.000000 0.000000
vn 0.000000 0.000000 0.000000
vn 0.000000 0.000000 0.000000
vn 0.000000 0.000000 0.000000
vn 0.000000 0.000000 0.000000
vn 0.000000 0.000000 0.000000
vn 0.000000 0.000000 0.000000
vn 0.000000 0.000000 0.000000
vn 0.000000 0.000000 0.000000
vn 0.000000 0.000000 0.000000
vn 0.000000 0.000000 0.000000
vn 0.000000 0.000000 0.000000
vn 0.000000 0.000000 0.000000
vn 0.000000 0.000000 0.000000
vn 0.000000 0.000000 0.000000
vn 0.000000 0.000000 0.000000
vn 0.000000 0.000000 0.000000
vn 0.000000 0.000000 0.000000
vn 0.000000 0.000000 0.000000
vn 0.000000 0.000000 0.000000
vn 0.000000 0.000000 0.000000
vn 0.000000 0.000000 0.000000
vn 0.000000 0.000000 0.000000
vn 0.000000 0.000000 0.000000
vn 0.000000 0.000000 0.000000
vn 0.000000 0.000000 0.000000
vn 0.000000 0.000000 0.000000
vn 0.000000 0.000000 0.000000
vn 0.000000 0.000000 0.000000
vn 0.000000 0.000000 0.000000
vn 0.000000 0.000000 0.000000
vn 0.000000 0.000000 0.000000
vn 0.000000 0.000000 0.000000
vn 0.000000 0.000000 0.000000
vn 0.000000 0.000000 0.000000
vn 0.000000 0.000000 0.000000
vn 0.000000 0.000000 0.000000
vn 0.000000 0.000000 1.000000
vn 0.000000 0.000000 1.000000
vn 0.000000 0.000000 1.000000
vn 0.000000 0.000000 1.000000
vn 0.000000 0.000000 -1.000000
vn 0.000000 0.000000 -1.000000
vn 0.000000 0.000000 -1.000000
vn -0.000000 -0.000000 -1.000000
vn -1.000000 0.000000 0.000000
vn -1.000000 0.000000 0.000000
vn -1.000000 0.000000 0.000000
vn -1.000000 0.000000 0.000000
vn 0.000000 0.000000 1.000000
vn 0.000000 0.000000 1.000000
vn 0.000000 0.000000 -1.000000
vn 0.000000 0.000000 -1.000000
vn 0.000000 0.000000 -1.000000
vn 0.000000 0.000000 -1.000000
vn 0.000000 0.000000 1.000000
vn 0.000000 0.000000 1.000000
vn 0.000000 0.000000 -1.000000
vn 0.000000 0.000000 -1.000000
vn 0.000000 0.000000 1.000000
vn 0.000000 0.000000 1.000000
vn 0.000000 0.000000 -1.000000
vn 0.000000 0.000000 -1.000000
vn 0.000000 0.000000 1.000000
vn 0.000000 0.000000 1.000000
vn 0.000000 0.000000 -1.000000
vn 0.000000 0.000000 -1.000000
vn 0.000000 0.000000 1.000000
vn 0.000000 0.000000 1.000000
vn 0.000000 0.000000 -1.000000
vn 0.000000 0.000000 -1.000000
vn 0.000000 0.000000 1.000000
vn 0.000000 0.000000 1.000000
vn 0.000000 0.000000 -1.000000
vn 0.000000 0.000000 -1.000000
vn 0.000000 0.000000 1.000000
vn 0.000000 0.000000 1.000000
vn 0.000000 0.000000 -1.000000
vn 0.000000 0.000000 -1.000000
vn 0.000000 0.000000 1.000000
vn 0.000000 0.000000 1.000000
vn 0.000000 0.000000 -1.000000
vn 0.000000 0.000000 -1.000000
vn 0.000000 0.000000 1.000000
vn 0.000000 0.000000 1.000000
vn 0.000000 0.000000 -1.000000
vn 0.000000 0.000000 -1.000000
vn 0.000000 0.000000 1.000000
vn 0.000000 0.000000 1.000000
vn 0.000000 0.000000 -1.000000
vn 0.000000 0.000000 -1.000000
vn 0.000000 0.000000 1.000000
vn 0.000000 0.000000 1.000000
vn 0.000000 0.000000 -1.000000
vn 0.000000 0.000000 -1.000000
vn 0.000000 0.000000 1.000000
vn 0.000000 0.000000 1.000000
vn 1.000000 0.000000 0.000000
vn 1.000000 0.000000 0.000000
vn 1.000000 0.000000 0.000000
vn 1.000000 0.000000 0.000000
vn 0.000000 0.000000 -1.000000
vn 0.000000 0.000000 -1.000000
vn 0.000000 0.000000 1.000000
vn 0.000000 0.000000 1.000000
vn 0.000000 0.000000 -1.000000
vn -0.000000 -0.000000 -1.000000
vn -1.000000 0.000000 0.000000
vn -1.000000 0.000000 0.000000
vn 0.000000 0.000000 1.000000
vn 0.000000 0.000000 -1.000000
vn 0.000000 0.000000 -1.000000
vn 0.000000 0.000000 1.000000
vn 0.000000 0.000000 -1.000000
vn 0.000000 0.000000 1.000000
vn 0.000000 0.000000 -1.000000
vn 0.000000 0.000000 1.000000
vn 0.000000 0.000000 -1.000000
vn 0.000000 0.000000 1.000000
vn 0.000000 0.000000 -1.000000
vn 0.000000 0.000000 1.000000
vn 0.000000 0.000000 -1.000000
vn 0.000000 0.000000 1.000000
vn 0.000000 0.000000 -1.000000
vn 0.000000 0.000000 1.000000
vn 0.000000 0.000000 -1.000000
vn 0.000000 0.000000 1.000000
vn 0.000000 0.000000 -1.000000
vn 0.000000 0.000000 1.000000
vn 0.000000 0.000000 -1.000000
vn 0.000000 0.000000 1.000000
vn 0.000000 0.000000 -1.000000
vn 0.000000 0.000000 1.000000
vn 1.000000 0.000000 0.000000
vn 1.000000 0.000000 0.000000
vn 0.000000 0.000000 -1.000000
vn 0.000000 0.000000 0.000000
vn 0.000000 0.000000 0.000000
vn 0.000000 0.000000 0.000000
vn 0.000000 0.000000 0.000000
vn 0.000000 0.000000 0.000000
vn 0.000000 0.000000 0.000000
vn 0.000000 0.000000 0.000000
vn 0.000000 0.000000 0.000000
vn 0.000000 0.000000 0.000000
vn 0.000000 0.000000 0.000000
vn 0.000000 0.000000 0.000000
vn 0.000000 0.000000 0.000000
vn 0.000000 0.000000 0.000000
vn 0.000000 0.000000 0.000000
vn 0.000000 0.000000 0.000000
vn 0.000000 0.000000 0.000000
vn 0.000000 0.000000 0.000000
vn 0.000000 0.000000 0.000000
vn 0.000000 0.000000 0.000000
vn 0.000000 0.000000 0.000000
vn 0.000000 0.000000 0.000000
vn 0.000000 0.000000 0.000000
vn 0.000000 0.000000 0.000000
vn 0.000000 0.000000 0.000000
vn 0.000000 0.000000 0.000000
vn 0.000000 0.000000 0.000000
vn 0.000000 0.000000 0.000000
vn 0.000000 0.000000 0.000000
vn 0.000000 0.000000 0.000000
vn 0.000000 0.000000 0.000000
vn 0.000000 0.000000 0.000000
vn 0.000000 0.000000 0.000000
vn 0.000000 0.000000 0.000000
vn 0.000000 0.000000 0.000000
vn 0.000000 0.000000 0.000000
vn 0.000000 0.000000 0.000000
vn 0.000000 0.000000 0.000000
vn 0.000000 0.000000 0.000000
vn 0.000000 0.000000 0.000000
vn 0.000000 0.000000 0.000000
vn 0.000000 1.000000 0.000000
vn 0.000000 1.000000 0.000000
vn 0.000000 1.000000 0.000000
vn 0.000000 1.000000 0.000000
vn 1.000000 0.000000 0.000000
vn 1.000000 0.000000 0.000000
vn 1.000000 0.000000 0.000000
vn 1.000000 0.000000 0.000000
vn 0.000000 -1.000000 0.000000
vn 0.000000 -1.000000 0.000000
vn 0.000000 -1.000000 0.000000
vn 0.000000 -1.000000 0.000000
vn -1.000000 0.000000 0.000000
vn -1.000000 0.000000 0.000000
vn -1.000000 0.000000 0.000000
vn -1.000000 0.000000 0.000000
vn 0.000000 -1.000000 0.000000
vn 0.000000 -1.000000 0.000000
vn 0.000000 -1.000000 0.000000
vn 0.000000 -1.000000 0.000000
vn -1.000000 0.000000 0.000000
vn -1.000000 0.000000 0.000000
vn -1.000000 0.000000 0.000000
vn -1.000000 0.000000 0.000000
vn 1.000000 0.000000 0.000000
vn 1.000000 0.000000 0.000000
vn 1.000000 0.000000 0.000000
vn 1.000000 0.000000 0.000000
vn -1.000000 0.000000 0.000000
vn -1.000000 0.000000 0.000000
vn 0.000000 1.000000 0.000000
vn 0.000000 1.000000 0.000000
vn 0.000000 1.000000 0.000000
vn 0.000000 1.000000 0.000000
vn 1.000000 0.000000 0.000000
vn 1.000000 0.000000 0.000000
vn 0.000000 0.000000 1.000000
vn 0.000000 0.000000 1.000000
vn 0.000000 0.000000 1.000000
vn 0.000000 0.000000 1.000000
vn 0.000000 -1.000000 0.000000
vn 0.000000 -1.000000 0.000000
vn 0.000000 0.000000 -1.000000
vn 0.000000 0.000000 -1.000000
vn 0.000000 1.000000 0.000000
vn 0.000000 1.000000 0.000000
vn 0.000000 0.000000 1.000000
vn 0.000000 0.000000 1.000000
vn 0.000000 0.000000 1.000000
vn 0.000000 0.000000 1.000000
vn 0.000000 -1.000000 0.000000
vn 0.000000 -1.000000 0.000000
vn -0.000000 -0.000000 -1.000000
vn 0.000000 0.000000 -1.000000
vn 0.000000 0.000000 1.000000
vn 0.000000 0.000000 1.000000
vn -0.000001 -0.000000 -1.000000
vn 0.000000 1.000000 0.000000
vn 0.000000 1.000000 0.000000
s off
g polySurface4 pCube10
usemtl initialShadingGroup
f 1027/1207/2155 1028/1208/2156 1042/1209/2157 1041/1210/2158
s 1
f 1074/1211/2159 1075/1212/2160 1076/1213/2161 1077/1214/2162
f 1075/1212/2160 1078/1215/2163 1079/1216/2164 1076/1213/2161
f 1078/1215/2163 1080/1217/2165 1081/1218/2166 1079/1216/2164
f 1080/1217/2165 1082/1219/2167 1083/1220/2168 1081/1218/2166
s off
f 1032/1221/2169 1033/1222/2170 1044/1223/2171 1043/1224/2172
s 2
f 1084/1225/2173 1085/1226/2174 1086/1227/2175 1087/1228/2176
f 1085/1226/2174 1088/1229/2177 1089/1230/2178 1086/1227/2175
f 1088/1229/2177 1090/1231/2179 1091/1232/2180 1089/1230/2178
f 1090/1231/2179 1092/1233/2181 1093/1234/2182 1091/1232/2180
f 1092/1233/2181 1094/1235/2183 1095/1236/2184 1093/1234/2182
f 1094/1235/2183 1096/1237/2185 1097/1238/2186 1095/1236/2184
f 1096/1237/2185 1098/1239/2187 1099/1240/2188 1097/1238/2186
s 3
f 1171/1241/2189 1172/1242/2190 1173/1243/2191 1174/1244/2192
f 1172/1242/2190 1175/1245/2193 1176/1246/2194 1173/1243/2191
f 1175/1245/2193 1177/1247/2195 1178/1248/2196 1176/1246/2194
f 1177/1247/2195 1179/1249/2197 1180/1250/2198 1178/1248/2196
f 1179/1249/2197 1181/1251/2199 1182/1252/2200 1180/1250/2198
f 1181/1251/2199 1183/1253/2201 1184/1254/2202 1182/1252/2200
f 1183/1253/2201 1185/1255/2203 1186/1256/2204 1184/1254/2202
f 1185/1255/2203 1187/1257/2205 1188/1258/2206 1186/1256/2204
f 1187/1257/2205 1189/1259/2207 1190/1260/2208 1188/1258/2206
f 1189/1259/2207 1191/1261/2209 1192/1262/2210 1190/1260/2208
f 1191/1261/2209 1193/1263/2211 1194/1264/2212 1192/1262/2210
f 1193/1263/2211 1195/1265/2213 1196/1266/2214 1194/1264/2212
f 1195/1265/2213 1197/1267/2215 1198/1268/2216 1196/1266/2214
s 4
f 1209/1269/2217 1210/1270/2218 1211/1271/2219 1212/1272/2220
s 5
f 1047/1273/2221 1048/1274/2222 1062/1275/2223 1061/1276/2224
f 1048/1274/2222 1049/1277/2225 1063/1278/2226 1062/1275/2223
f 1049/1277/2225 1050/1279/2227 1064/1280/2228 1063/1278/2226
f 1050/1279/2227 1051/1281/2229 1065/1282/2230 1064/1280/2228
f 1051/1281/2229 1052/1283/2231 1066/1284/2232 1065/1282/2230
f 1052/1283/2231 1053/1285/2233 1067/1286/2234 1066/1284/2232
f 1053/1285/2233 1054/1287/2235 1068/1288/2236 1067/1286/2234
f 1054/1287/2235 1055/1289/2237 1069/1290/2238 1068/1288/2236
f 1055/1289/2237 1056/1291/2239 1070/1292/2240 1069/1290/2238
f 1056/1291/2239 1057/1293/2241 1071/1294/2242 1070/1292/2240
f 1057/1293/2241 1058/1295/2243 1072/1296/2244 1071/1294/2242
f 1058/1295/2243 1059/1297/2245 1073/1298/2246 1072/1296/2244
s 6
f 1060/1299/2247 1061/1276/2248 1028/1300/2249 1027/1301/2250
f 1061/1276/2248 1062/1275/2251 1029/1302/2252 1028/1300/2249
f 1062/1275/2251 1063/1278/2253 1030/1303/2254 1029/1302/2252
f 1063/1278/2253 1064/1280/2255 1031/1304/2256 1030/1303/2254
f 1064/1280/2255 1065/1282/2257 1032/1305/2258 1031/1304/2256
f 1065/1282/2257 1066/1284/2259 1033/1306/2260 1032/1305/2258
f 1066/1284/2259 1067/1286/2261 1034/1307/2262 1033/1306/2260
f 1067/1286/2261 1068/1288/2263 1035/1308/2264 1034/1307/2262
f 1068/1288/2263 1069/1290/2265 1036/1309/2266 1035/1308/2264
f 1069/1290/2265 1070/1292/2267 1037/1310/2268 1036/1309/2266
f 1070/1292/2267 1071/1294/2269 1038/1311/2270 1037/1310/2268
f 1071/1294/2269 1072/1296/2271 1039/1312/2272 1038/1311/2270
f 1072/1296/2271 1073/1298/2273 1040/1313/2274 1039/1312/2272
s off
f 1040/1314/2275 1073/1315/2276 1059/1316/2277 1045/1317/2278
f 1060/1318/2279 1027/1207/2280 1041/1210/2281 1046/1319/2282
f 1028/1208/2283 1029/1320/2284 1075/1212/2285 1074/1211/2286
f 1042/1209/2287 1028/1208/2288 1074/1211/2289 1077/1214/2290
f 1029/1320/2291 1030/1321/2292 1078/1215/2293 1075/1212/2294
f 1030/1321/2295 1031/1322/2296 1080/1217/2297 1078/1215/2298
f 1031/1322/2299 1032/1221/2300 1082/1219/2301 1080/1217/2302
f 1032/1221/2303 1043/1224/2304 1083/1220/2305 1082/1219/2306
f 1033/1222/2307 1034/1323/2308 1085/1226/2309 1084/1225/2310
f 1044/1223/2311 1033/1222/2312 1084/1225/2313 1087/1228/2314
f 1034/1323/2315 1035/1324/2316 1088/1229/2317 1085/1226/2318
f 1035/1324/2319 1036/1325/2320 1090/1231/2321 1088/1229/2322
f 1036/1325/2323 1037/1326/2324 1092/1233/2325 1090/1231/2326
f 1037/1326/2327 1038/1327/2328 1094/1235/2329 1092/1233/2330
f 1038/1327/2331 1039/1328/2332 1096/1237/2333 1094/1235/2334
f 1039/1328/2335 1040/1314/2336 1098/1239/2337 1096/1237/2338
f 1040/1314/2339 1045/1317/2340 1099/1240/2341 1098/1239/2342
f 1041/1210/2343 1042/1209/2344 1077/1214/2345 1100/1329/2346
f 1047/1273/2347 1046/1330/2348 1102/1331/2349 1101/1332/2350
f 1046/1330/2351 1041/1210/2352 1100/1329/2353 1102/1331/2354
f 1048/1274/2355 1047/1273/2356 1101/1332/2357 1103/1333/2358
f 1049/1277/2359 1048/1274/2360 1103/1333/2361 1104/1334/2362
f 1050/1279/2363 1049/1277/2364 1104/1334/2365 1105/1335/2366
f 1051/1281/2367 1050/1279/2368 1105/1335/2369 1106/1336/2370
f 1043/1224/2371 1044/1223/2372 1087/1228/2373 1083/1220/2374
f 1052/1283/2375 1051/1281/2376 1106/1336/2377 1107/1337/2378
f 1053/1285/2379 1052/1283/2380 1107/1337/2381 1108/1338/2382
f 1054/1287/2383 1053/1285/2384 1108/1338/2385 1109/1339/2386
f 1055/1289/2387 1054/1287/2388 1109/1339/2389 1110/1340/2390
f 1056/1291/2391 1055/1289/2392 1110/1340/2393 1111/1341/2394
f 1057/1293/2395 1056/1291/2396 1111/1341/2397 1112/1342/2398
f 1058/1295/2399 1057/1293/2400 1112/1342/2401 1113/1343/2402
f 1045/1317/2403 1059/1297/2404 1114/1344/2405 1099/1240/2406
f 1059/1297/2407 1058/1295/2408 1113/1343/2409 1114/1344/2410
f 1100/1329/2411 1077/1214/2412 1116/1345/2413 1115/1346/2414
f 1101/1332/2415 1102/1331/2416 1118/1347/2417 1117/1348/2418
f 1102/1331/2419 1100/1329/2420 1115/1346/2421 1118/1347/2422
f 1077/1214/2423 1076/1213/2424 1119/1349/2425 1116/1345/2426
f 1103/1333/2427 1101/1332/2428 1117/1348/2429 1120/1350/2430
f 1076/1213/2431 1079/1216/2432 1121/1351/2433 1119/1349/2434
f 1104/1334/2435 1103/1333/2436 1120/1350/2437 1122/1352/2438
f 1079/1216/2439 1081/1218/2440 1123/1353/2441 1121/1351/2442
f 1105/1335/2443 1104/1334/2444 1122/1352/2445 1124/1354/2446
f 1081/1218/2447 1083/1220/2448 1125/1355/2449 1123/1353/2450
f 1106/1336/2451 1105/1335/2452 1124/1354/2453 1126/1356/2454
f 1083/1220/2455 1087/1228/2456 1127/1357/2457 1125/1355/2458
f 1107/1337/2459 1106/1336/2460 1126/1356/2461 1128/1358/2462
f 1087/1228/2463 1086/1227/2464 1129/1359/2465 1127/1357/2466
f 1108/1338/2467 1107/1337/2468 1128/1358/2469 1130/1360/2470
f 1086/1227/2471 1089/1230/2472 1131/1361/2473 1129/1359/2474
f 1109/1339/2475 1108/1338/2476 1130/1360/2477 1132/1362/2478
f 1089/1230/2479 1091/1232/2480 1133/1363/2481 1131/1361/2482
f 1110/1340/2483 1109/1339/2484 1132/1362/2485 1134/1364/2486
f 1091/1232/2487 1093/1234/2488 1135/1365/2489 1133/1363/2490
f 1111/1341/2491 1110/1340/2492 1134/1364/2493 1136/1366/2494
f 1093/1234/2495 1095/1236/2496 1137/1367/2497 1135/1365/2498
f 1112/1342/2499 1111/1341/2500 1136/1366/2501 1138/1368/2502
f 1095/1236/2503 1097/1238/2504 1139/1369/2505 1137/1367/2506
f 1113/1343/2507 1112/1342/2508 1138/1368/2509 1140/1370/2510
f 1097/1238/2511 1099/1240/2512 1141/1371/2513 1139/1369/2514
f 1099/1240/2515 1114/1344/2516 1142/1372/2517 1141/1371/2518
f 1114/1344/2519 1113/1343/2520 1140/1370/2521 1142/1372/2522
s 7
f 1115/1346/2523 1116/1345/2524 1144/1373/2525 1143/1374/2526
s 8
f 1214/1375/2527 1213/1376/2528 1215/1377/2529 1216/1378/2530
s 9
f 1118/1347/2531 1115/1346/2532 1143/1374/2533 1146/1379/2534
s 7
f 1116/1345/2524 1119/1349/2535 1147/1380/2536 1144/1373/2525
s 10
f 1120/1350/2537 1117/1348/2538 1145/1381/2539 1148/1382/2540
s 7
f 1119/1349/2535 1121/1351/2541 1149/1383/2542 1147/1380/2536
s 10
f 1122/1352/2543 1120/1350/2537 1148/1382/2540 1150/1384/2544
s 7
f 1121/1351/2541 1123/1353/2545 1151/1385/2546 1149/1383/2542
s 10
f 1124/1354/2547 1122/1352/2543 1150/1384/2544 1152/1386/2548
s 7
f 1123/1353/2545 1125/1355/2549 1153/1387/2550 1151/1385/2546
s 10
f 1126/1356/2551 1124/1354/2547 1152/1386/2548 1154/1388/2552
s 7
f 1125/1355/2549 1127/1357/2553 1155/1389/2554 1153/1387/2550
s 10
f 1128/1358/2555 1126/1356/2551 1154/1388/2552 1156/1390/2556
s 7
f 1127/1357/2553 1129/1359/2557 1157/1391/2558 1155/1389/2554
s 10
f 1130/1360/2559 1128/1358/2555 1156/1390/2556 1158/1392/2560
s 7
f 1129/1359/2557 1131/1361/2561 1159/1393/2562 1157/1391/2558
s 10
f 1132/1362/2563 1130/1360/2559 1158/1392/2560 1160/1394/2564
s 7
f 1131/1361/2561 1133/1363/2565 1161/1395/2566 1159/1393/2562
s 10
f 1134/1364/2567 1132/1362/2563 1160/1394/2564 1162/1396/2568
s 7
f 1133/1363/2565 1135/1365/2569 1163/1397/2570 1161/1395/2566
s 10
f 1136/1366/2571 1134/1364/2567 1162/1396/2568 1164/1398/2572
s 7
f 1135/1365/2569 1137/1367/2573 1165/1399/2574 1163/1397/2570
s 10
f 1138/1368/2575 1136/1366/2571 1164/1398/2572 1166/1400/2576
s 7
f 1137/1367/2573 1139/1369/2577 1167/1401/2578 1165/1399/2574
s 10
f 1140/1370/2579 1138/1368/2575 1166/1400/2576 1168/1402/2580
s 7
f 1139/1369/2577 1141/1371/2581 1169/1403/2582 1167/1401/2578
s 11
f 1141/1371/2583 1142/1372/2584 1170/1404/2585 1169/1403/2586
s 10
f 1142/1372/2587 1140/1370/2579 1168/1402/2580 1170/1404/2588
s 7
f 1143/1374/2526 1144/1373/2525 1172/1242/2589 1171/1241/2590
s 8
f 1216/1378/2530 1215/1377/2529 1217/1405/2591 1218/1406/2592
s 9
f 1146/1379/2534 1143/1374/2533 1171/1241/2593 1174/1244/2594
s 7
f 1144/1373/2525 1147/1380/2536 1175/1245/2595 1172/1242/2589
s 10
f 1148/1382/2540 1145/1381/2539 1173/1243/2596 1176/1246/2597
s 7
f 1147/1380/2536 1149/1383/2542 1177/1247/2598 1175/1245/2595
s 10
f 1150/1384/2544 1148/1382/2540 1176/1246/2597 1178/1248/2599
s 7
f 1149/1383/2542 1151/1385/2546 1179/1249/2600 1177/1247/2598
s 10
f 1152/1386/2548 1150/1384/2544 1178/1248/2599 1180/1250/2601
s 7
f 1151/1385/2546 1153/1387/2550 1181/1251/2602 1179/1249/2600
s 10
f 1154/1388/2552 1152/1386/2548 1180/1250/2601 1182/1252/2603
s 7
f 1153/1387/2550 1155/1389/2554 1183/1253/2604 1181/1251/2602
s 10
f 1156/1390/2556 1154/1388/2552 1182/1252/2603 1184/1254/2605
s 7
f 1155/1389/2554 1157/1391/2558 1185/1255/2606 1183/1253/2604
s 10
f 1158/1392/2560 1156/1390/2556 1184/1254/2605 1186/1256/2607
s 7
f 1157/1391/2558 1159/1393/2562 1187/1257/2608 1185/1255/2606
s 10
f 1160/1394/2564 1158/1392/2560 1186/1256/2607 1188/1258/2609
s 7
f 1159/1393/2562 1161/1395/2566 1189/1259/2610 1187/1257/2608
s 10
f 1162/1396/2568 1160/1394/2564 1188/1258/2609 1190/1260/2611
s 7
f 1161/1395/2566 1163/1397/2570 1191/1261/2612 1189/1259/2610
s 10
f 1164/1398/2572 1162/1396/2568 1190/1260/2611 1192/1262/2613
s 7
f 1163/1397/2570 1165/1399/2574 1193/1263/2614 1191/1261/2612
s 10
f 1166/1400/2576 1164/1398/2572 1192/1262/2613 1194/1264/2615
s 7
f 1165/1399/2574 1167/1401/2578 1195/1265/2616 1193/1263/2614
s 10
f 1168/1402/2580 1166/1400/2576 1194/1264/2615 1196/1266/2617
s 7
f 1167/1401/2578 1169/1403/2582 1197/1267/2618 1195/1265/2616
s 11
f 1169/1403/2586 1170/1404/2585 1198/1268/2619 1197/1267/2620
s 10
f 1170/1404/2588 1168/1402/2580 1196/1266/2617 1198/1268/2621
s off
f 1046/1330/2622 1047/1273/2623 1200/1407/2624 1199/1408/2625
f 1047/1273/2626 1061/1276/2627 1201/1409/2628 1200/1407/2629
f 1061/1276/2630 1060/1299/2631 1202/1410/2632 1201/1409/2633
f 1060/1299/2634 1046/1330/2635 1199/1408/2636 1202/1410/2637
f 1117/1348/2638 1118/1347/2639 1203/1411/2640 1204/1412/2641
f 1118/1347/2642 1146/1379/2643 1205/1413/2644 1203/1411/2645
f 1145/1381/2646 1117/1348/2647 1204/1412/2648 1206/1414/2649
f 1146/1379/2650 1174/1244/2651 1207/1415/2652 1205/1413/2653
f 1174/1244/2654 1173/1243/2655 1208/1416/2656 1207/1415/2657
f 1173/1243/2658 1145/1381/2659 1206/1414/2660 1208/1416/2661
s 12
f 1199/1408/2662 1200/1407/2663 1210/1270/2664 1209/1269/2665
s off
f 1219/1417/2666 1220/1418/2667 1221/1419/2668 1222/1420/2669
s 13
f 1201/1409/2670 1202/1410/2671 1212/1272/2672 1211/1271/2673
s off
f 1202/1410/2674 1199/1408/2675 1209/1269/2676 1212/1272/2677
s 14
f 1204/1412/2678 1203/1411/2679 1213/1376/2680 1214/1375/2681
s 15
f 1203/1411/2682 1205/1413/2683 1215/1377/2684 1213/1376/2685
s 16
f 1224/1421/2686 1223/1422/2687 1225/1423/2688 1226/1424/2689
s 15
f 1205/1413/2683 1207/1415/2690 1217/1405/2691 1215/1377/2684
s 17
f 1207/1415/2692 1208/1416/2693 1218/1406/2694 1217/1405/2695
s 16
f 1227/1425/2696 1224/1421/2686 1226/1424/2689 1228/1426/2697
s off
f 1200/1407/2698 1201/1409/2699 1220/1418/2700 1219/1417/2701
s 13
f 1201/1409/2670 1211/1271/2673 1221/1419/2702 1220/1418/2703
s 4
f 1211/1271/2219 1210/1270/2218 1222/1420/2704 1221/1419/2705
s 12
f 1210/1270/2664 1200/1407/2663 1219/1417/2706 1222/1420/2707
s 18
f 1206/1414/2708 1204/1412/2709 1223/1422/2710 1224/1421/2711
s 14
f 1204/1412/2678 1214/1375/2681 1225/1423/2712 1223/1422/2713
s 8
f 1214/1375/2527 1216/1378/2530 1226/1424/2714 1225/1423/2715
s 18
f 1208/1416/2716 1206/1414/2708 1224/1421/2711 1227/1425/2717
s 8
f 1216/1378/2530 1218/1406/2592 1228/1426/2718 1226/1424/2714
s 17
f 1218/1406/2694 1208/1416/2693 1227/1425/2719 1228/1426/2720
